ID,Subject
1510203,MKTG302+MKTG303+MKTG405+MKTG417+MKTG470+SSCI102
1510300,ECE213+ECE233+ECE322+ECE346+MTH217
1610387,CHM111+CSCI217+CSCI417+ECE314+IND325
1610400,CSCI315+CSCI465+CSCI467
1610574,NSCI102+SSCI102
1610630,ECE232+ECE233+ECE314+HUMA001/101 (Room)+MTH216
1610751,MOIT301+NSCI102
1620015,MTH113
1710382,ECEN428+ECEN438+ECEN449
1710653,ECE233+ECE322+ECE346+ECEN428+ECEN438+MTH217
1710696,ARUD478
1710883,ARC262+ARC343+ARC353
1710909,CVL311+CVL313+CVL334
1711001,MNG223+MNG271
1711021,ECE151+MEC111+MTH112+MTH113
1720040,MNG335+MNG372
18100523,ECE213+ECE233+ECE314+ECE346+ECEN438
18100594,ACCT201+HUMA001/101 (Room)+HUMA102+MOIT301
18100648,ACCT301+FINC305+MKTG302
18100697,CSCI315+CSCI322+MATH301
18100713,MEC111+MTH111+PHY111
18100890,CSCI208+CSCI217+CSCI322
18100900,ACCT303+BSAD401+HUMA001/101 (Room)+HUMA102+MGMT402
18101248,MNG232+MNG321+MNG363+MNG372
18101410,CSCI417+CSCI419+CSCI451+ECE314+ECE346
18101487,CVL313+CVL411+CVL432+MTH112
18101510,ACCT301+FINC301+FINC305+MOIT301
18101558,CHM111+ECE151+ECEN101C
18101802,ECE121+ECE151+ECE213+ECE232+ECE241+MTH217
18101953,CHM111+CVL411+MEC111+MTH112
18101994,CVL315+CVL334+CVL411+HUMA102
18102051,MENG327+MNG223+MNG232+MNG241+MNG271+MNG321
18102135,CSCI415
18102402,ACCT202+MOIT301+OPMG302
18102520,ACCT202+SSCI102
18102587,HUMA001/101 (Room)+MKTG417+OPMG301
18102589,ACCT301+MOIT301+OPMG303
18200019,ECEN101C+MATH210+MATH301
18200099,ACCT202+OPMG302
1820029,IENG345+IND323+IND324+IND333
19100006,CSCI315+CSCI415+MATH203+MATH301
19100200,ACCT301+ACCT303+FINC305+MKTG307
19100320,IND252+IND325+MNG372
19100338,CBIO204+MATH204+PHY102
19100361,CSCI482+MATH301+SSCI102
19100394,MATH203
19100436,MEC112+MNG223+MNG271+MTH215
19100469,ACCT202+MKTG302+MKTG304+MKTG401+MKTG470
19100478,IND252+IND325+MNG372
19100540,CSCI305+CSCI313+CSCI315+CSCI417+CSCI419+MATH201
19100615,CVL441+MTH214
19100645,CSCI311+CSCI322+CSCI417+CSCI419+HUMA001/101 (Room)+NSCI102
19100706,NSCI103
19100948,CVL411+MTH216
19104283,ECE231+ECE315+MTH113+MTH215+MTH216
19104642,ACCT202+FINC301+MGMT303+MOIT301
19105040,BMD407+CSCI305+CSCI313+CSCI417+CSCI461
19105218,CSCI212/CSCI221+HUMA102+MATH201+MATH301
19105329,BMD407+CSCI217+CSCI419+MATH201
19105609,MATH210+MATH301
19105734,ACCT301+ACCT303+OPMG405
19105748,MENG327+MNG321+MNG363
19105751,MGMT303+MKTG302+MOIT301+OPMG301
19105801,CSCI322+ECE338+ECE346+ECE424+ECEN456+ECEN465
19105994,MGMT402+OPMG301+OPMG303
19106013,ECE213+ECE314+ECE322+MTH216+PHY111/PHYS001
19106025,CSCI315+CSCI417+CSCI461+CSCI465
19106040,BMD407+CSCI217+CSCI419
19106175,BMD303+BMD407+BMD409+CSCI419
19106181,MKTG302+OPMG304
19106361,BSAD420+FINC305+MKTG302+MOIT301
19200031,ECE233+ECE314+ECEN438+NSCI102+SSCI102
19200151,ACCT202+MGMT303+MOIT301
202000023,CSCI322+CSCI417+CSCI419+HUMA102
202000064,IENG345+IND252+MEC112+MTH214+MTH216
202000072,CSCI208+CSCI451+ECE338+ECEN465
202000080,IND212+IND242+IND333+MTH214
202000084,ECE322+ECE346+ECE471+IND325+MTH113
202000096,BMD303+BMD404+BMD407+BMD409
202000111,IENG324+IENG345+IENG408+MTH113+MTH215+MTH216
202000142,ARUD478
202000161,ARUD344+ARUD356/CVL317+ARUD363
202000175,MOIT301
202000185,ECE231+ECE252+ECE345+ECEN428+MTH217
202000195,BSAD420+OPMG303+OPMG401
202000250,MATH103B
202000274,FINC408
202000297,MKTG405+MKTG417+MKTG470+OPMG301
202000346,IND252+MNG232+MNG363
202000353,IENG345
202000390,ARUD478
202000441,CSCE101B+ECON201+MATH201B
202000444,ECE233+ECE338+ECE346+ECEN438
202000507,OPMG301+OPMG303
202000548,IND252+IND325+SSCI201
202000579,CBIO305+CBIO408+CBIO409+MATH102+MICR405
202000580,IENG315+IENG324+IENG345+IENG408+SSCI201
202000623,MATH112+MATH113/MATH211+MATH201
202000665,CSCI313+CSCI419+MATH112+SSCI102
202000703,CSCI205+CSCI207+ECEN101C+MATH112
202000709,ARUD344+ARUD356/CVL317+ARUD478
202000853,CSCI305+CSCI313+CSCI419+CSCI451+MATH203
202000870,BSAD401+BSAD420+SSCI102
202000881,ACCT201+MOIT301+OPMG302
202000920,BMD407+CSCI313+CSCI419
202000925,CBIO409+MATH103B
202001032,ACCT303+MGMT402+OPMG401+SSCI102
202001083,CVL311+CVL334+CVL411
202001106,MNG223+MNG241+MNG363+MTH214
202001153,CSCI322+ECE322+ECE335+ECE338+ECEN465
202001155,CVL313+CVL334+CVL411
202001160,CSCI311+CSCI322+CSCI417+CSCI419
202001162,CSCI311+CSCI461+CSCI467+SSCI102
202001189,MNG223+MNG232+MNG271
202001249,BMD404+BMD407+BMD409+CSCI305+MATH301I
202001301,FINC305+MATH110B+MOIT301
202001307,ECE151+MEC111+PHY112
202001328,ECE232+ECE322+ECE335+ECE338
202001369,AIS302+AIS411+AIS431+AIS477
202001377,BMD303+BMD404+BMD409+MATH201+MATH301I
202001407,CSCI315+CSCI465+CSCI467+HUMA001/101 (Room)+NSCI102+SSCI102
202001427,CSCI461+CSCI482
202001582,BSAD401+FINC305
202001617,CBIO305+CBIO314+CBIO408
202001624,CSCI415+CSCI465+MATH210+MATH301
202001647,CSCI205+HUMA001/101 (Room)+MATH201
202001659,BIO206+CBIO408+PHY102
202001705,CVL311+CVL334+CVL432+MTH112
202001715,APBI410+CBIO409+MATH102+MATH103B
202001860,HUMA001/101 (Computer Lab)+IND252+MENG422+MNG363+SSCI102+SSCI201
202001870,BMD303+BMD404+BMD407+BMD409
202001887,IENG315+IENG324+IENG345
202001888,BMD409+CSCI212/CSCI221+CSCI217+MATH201
202001918,ECEN101C+MATH201+MATH203+NSCI102
202001932,MKTG417+NSCI103
202001954,CSCI217+CSCI465+ECE346+ECE471+ECEN438
202002018,ECE231+ECE314+ECE322+ECE471+ECEN438
202002077,IND252+IND323+IND324+MTH112+MTH216
202002082,CSCI305+CSCI315+CSCI419+CSCI451+MATH301
202002095,ECE151+ECE241+ECE345+ECE346+HUMA001/101 (Room)+HUMA102+MTH112
202002142,ARC111+ECE151+PHY111/PHYS001
202002146,MENG327+MNG372+MTH214+MTH216+SSCI201
202002162,CSCI419
202002167,CVL313+CVL441+ECE151+MTH216
202002173,ACCT201+MATH201B+MGMT402
202002250,CSCI208+CSCI465+ECEN428+ECEN438+MTH113
202002281,MENG422+MNG271+MNG321+MNG363
202002319,ACCT201+ECON201+HUMA102+MATH201B+MOIT301
202002365,ECE322
202002372,MENG327+MENG422+MNG241+MNG271+MNG363
202002391,ACCT303+OPMG303+OPMG405
202002417,CSCI315+CSCI465+MATH210+NSCI102
202002459,MGMT402+MOIT301+OPMG401
202002462,HUMA001/101 (Room)+MNG232+MNG241+MNG321+MNG363
202002486,BSAD420+NSCI103+SSCI102
202002544,CSCI415+CSCI465+CSCI467+MATH301
202002563,ACCT303+MGMT402+OPMG401
202002592,CVL315+CVL411+CVL432+MTH113
202002593,CSCI305+CSCI417+CSCI419+CSCI461
202002627,ECE252+ECE355+ECEN428+ECEN438
202002644,ECON201+MOIT301+OPMG405
202002646,ACCT303
202002652,CSCI465+ECE314+ECE322+ECEN438+IND325+SSCI102
202002734,MKTG303+MKTG307+NSCI103
202002745,ECE121+ECE231+ECE252+ECEN428+MTH113
202002787,MNG223+MNG232+MTH215
202002791,MENG327+MENG422+MNG241+MNG321+MNG363
202002806,MGMT201+NSCI102+OPMG302
202002858,FINC305
202002876,CSCI305+CSCI311+CSCI322+CSCI417
202002991,ACCT303+OPMG304
202002992,FINC301+MGMT402+MOIT301+OPMG302+OPMG405
202002999,IENG315+IENG345+IENG408+IND252+IND324+MTH215
202003002,ECEN101C
202003071,CSCI461+CSCI465+HUMA102+MATH210
202003118,CVL315+CVL411+CVL441+SSCI201
211000017,ACCT303+OPMG304+OPMG401+OPMG406+OPMG420
211000018,CSCI415+CSCI419+CSCI465+HUMA001/101 (Room)
211000023,ACCT301+ACCT303+FINC302+FINC305
211000033,ARUD478
211000045,ARUD344+ARUD356/CVL317+ARUD363
211000058,CSCI207+MATH100
211000065,ARUD478
211000070,ARUD478
211000075,AIS323+AIS431+CSCI315+CSCI322+SSCI201
211000088,CSCI417+CSCI465+ECE322+ECEN428+ECEN438
211000089,MGMT402+OPMG301
211000093,AIS421+CSCI322+MATH203I+SSCI201
211000096,CSCI315+CSCI415+CSCI467+CSCI482+ECEN101C
211000107,CSCI419+CSCI451+ECE335+ECE338+MEC112
211000122,IENG345+IND242+IND252+IND325
211000124,ARUD478
211000136,MEC112+MTH214+MTH215+PHY111/PHYS001
211000140,CSCI305+CSCI315+CSCI417+CSCI419+CSCI461+MATH203
211000143,FINC301+FINC305+MKTG417+MKTG470+SSCI102
211000144,ARUD478
211000170,APBI410+CBIO204+CBIO409+MATH103B+MICR405
211000184,ARUD478
211000194,CSCI419+CSCI451+ECE338+ECEN465
211000195,OPMG303
211000206,CSCI212/CSCI221+CSCI417+CSCI419+MATH301I
211000208,MENG327+MNG223+MNG363+MNG372+SSCI201
211000230,CSCI208+ECE213+ECE231+ECE241+ECE314+ECE322
211000235,CVL311+CVL315+CVL334+CVL432+CVL441
211000239,SSCI201
211000254,ECEN101C
211000299,CSCI315+CSCI417+CSCI419+ECE252+ECE322+ECEN428
211000308,CSCI315+CSCI415+CSCI461+CSCI467+MATH203
211000312,CSCI208+CSCI451+ECE338+ECEN465
211000318,MATH110B+MGMT201
211000348,MKTG401+MKTG417+SSCI102
211000364,ARUD478
211000374,ARUD478
211000377,ACCT303+FINC305
211000402,CSCI417+CSCI465+ECEN438
211000403,ARUD478+MTH113
211000410,ACCT303+OPMG401
211000420,CSCI305+CSCI417+CSCI419+ECEN101C+MATH210
211000425,CSCI465+ECE322+ECEN438
211000437,CSCI208+CSCI322+CSCI451+ECEN465
211000449,CSCI455+MATH210+MATH301+NSCI102+SSCI102
211000471,MKTG307+MKTG405+MKTG417+MKTG470
211000524,CSCI315+MATH201+MATH210+MATH301
211000544,FINC301+OPMG401+SSCI102
211000558,APBI101+APBI102+APBI305+APBI306+APBI410+CBIO306
211000560,CVL321+MEC111+MTH112
211000565,MATH201
211000573,ACCT202+FINC301+MKTG302+MKTG304+MKTG305+MOIT301
211000589,CSCI208+ECE233+ECE322+ECE345+ECE462+ECE471
211000590,AIS302+AIS323+CSCI311
211000633,AIS201+AIS421+AIS477
211000643,ARUD478
211000646,ARUD478
211000699,CSCI208+CSCI217+CSCI322+ECE233+ECEN449+SSCI201
211000703,APBI410+MATH103B+PHY102
211000706,CSCI322+ECE232+ECE335+ECE338+ECEN465
211000709,FINC302+FINC406+FINC407+FINC408
211000732,OPMG302
211000749,ECEN101C+MATH112+MATH113/MATH211+MATH201
211000763,MKTG303+MKTG304+MKTG417+MKTG470
211000778,ARUD478
211000782,AIS201+CSCI217
211000819,MEC112+MNG232+MNG241+MNG321+MNG333+MNG372
211000837,CSCI415+CSCI455+MATH113/MATH211+MATH210+NSCI102
211000852,APBI305+APBI306+BIO206+CBIO203
211000875,ACCT301+FINC406+FINC408
211000876,IND252
211000907,CBIO203+CBIO204+MICR202+PHY102
211000912,CSCI417+CSCI467+CSCI482+HUMA001/101 (Room)
211000961,ACCT202+FINC301+MOIT301+OPMG302
211000964,CSCI322+ECE232+ECE335+ECE338+ECEN465
211000970,MKTG303+MKTG304+MKTG307+MKTG417+MKTG470
211001020,IND212+IND323+IND324+IND325+IND333+IND356
211001057,ACCT303+NSCI102+NSCI103+OPMG401
211001058,MKTG304+MKTG417+MKTG470
211001073,CSCI417+ECE252+ECE314+ECE322+ECE338+ECEN428
211001081,ECE121+ECE213+ECE232+ECE233+ECE314+ECE335
211001087,CSCI208+CSCI217+ECEN101C+HUMA102+MATH201
211001097,FINC301+MKTG302+MOIT301+OPMG301
211001101,CSCE101B+NSCI103+OPMG302
211001131,ECE315+IENG315+IENG324+IENG345+IENG408+IND323
211001175,ACCT202+FINC301+MOIT301+OPMG302
211001192,CSCI322+ECE322+ECE335+ECE338+ECEN465
211001245,ECE213+ECE232+ECE233+ECE241+MTH216+MTH217
211001260,BSAD401+FINC305+OPMG303
211001268,ACCT201+MGMT402+OPMG302
211001298,AIS462+AIS477+CSCI482
211001386,ACCT202+FINC301+FINC305+MKTG307+OPMG301
211001387,MKTG302+MKTG405+MKTG417+MOIT301
211001466,AIS323+AIS411+AIS431+AIS462+AIS477+HUMA001/101 (Computer Lab)
211001471,CSCI217+CSCI419+ECE355+INT121+MTH113
211001502,FINC407+OPMG405
211001524,AIS201+AIS421+AIS477+CSCI315
211001615,APBI304+APBI410+CBIO204
211001617,ARUD344+ARUD356/CVL317+ARUD363
211001634,CSCI313+CSCI315+CSCI415+CSCI451
211001653,BSAD401+MKTG303+OPMG304+OPMG401+OPMG406+OPMG420
211001658,CBIO203+CBIO313
211001688,BIO205+BIO206+MICR202
211001695,CSCI305+CSCI311+CSCI313+CSCI417+CSCI419+CSCI461
211001701,CVL315+CVL334+CVL411+CVL432
211001723,CSCI217+CSCI419+ECEN428+SSCI201
211001736,CSCI417
211001743,CSCI451+ECE338+ECEN465
211001755,ARUD478
211001764,CBIO313+CBIO409
211001779,CSCI315+CSCI467+CSCI482+MATH210
211001783,AIS421+MATH301I
211001802,BMD212+BMD404+BMD409+MATH111
211001806,APBI410+CBIO306+MATH204+PHY102
211001813,FINC301+MGMT402+OPMG303+OPMG401
211001824,CSCI305+CSCI315+CSCI417+CSCI419+CSCI461+MATH301
211001826,BSAD401+HUMA102+SSCI102
211001827,ACCT303
211001828,IENG408+SSCI201
211001830,MENG422+MENG442+MENG446+MNG386+MNG484
211001842,ACCT301+FINC302+FINC406+FINC408
211001853,FINC301+MOIT301+OPMG303
211001855,FINC305+MOIT301
211001864,AIS201+CSCI461+ECEN101C+MATH112I
211001871,ARUD478
211001872,ACCT202+FINC301+HUMA102+MGMT402+MOIT301+OPMG303
211001883,ACCT301+FINC307+FINC406+FINC407+FINC408
211001886,APBI410+CBIO306+MATH103B+PHY102
211001892,AIS201+AIS421+AIS431+AIS462+AIS477
211001905,OPMG303+OPMG401
211001917,CSCI205+CSCI207+MATH111+PHYS101C
211001922,CSCI415+CSCI419+CSCI465+CSCI467
211001928,MGMT402+NSCI103+OPMG301
211001932,ACCT202+FINC301+HUMA001/101 (Room)+OPMG303
211001937,CSCI415+CSCI417+HUMA001/101 (Computer Lab)
211001941,CSCI315+CSCI467+CSCI482+MATH203
211001942,CVL211+CVL432+CVL451+MTH112
211001945,APBI304+APBI410+MICR202+PHY102
211001949,HUMA001/101 (Computer Lab)+MNG363+SSCI201
211001963,IND325+MENG327+MNG321+MNG363+MNG372
211001973,BMD404+BMD407+BMD409+CSCI461
211001974,BIO205+BIO206+CHM102+MICR202
211001998,MOIT301+OPMG401+SSCI102
211002004,CSCI465+CSCI467+ECEN101C+SSCI201
211002009,MGMT303
211002025,CSCI315+CSCI415+CSCI465+CSCI467+HUMA001/101 (Room)
211002026,CSCI465+CSCI467
211002031,APBI410+CBIO204+CBIO305+CHM102+MICR202
211002032,CBIO204+MATH103B+PHY102
211002037,CSCI212/CSCI221+ECEN101C+MATH201
211002044,ACCT303
211002055,NSCI102
211002057,IENG324+IENG345+IND242+IND323+IND333
211002063,MOIT301+OPMG304+OPMG406+OPMG420
211002065,MATH103B+MATH204+PHY102
211002067,CSCI305+CSCI315+CSCI465+CSCI482+SSCI102
211002068,CBIO204+PHY102
211002071,APBI101+CBIO204+MATH204+PHY102
211002082,CSCI315+CSCI417+NSCI102
211002101,BIO205+CBIO305+CBIO409+MATH103B
211002116,ECON201
211002128,ARUD478
211002132,AIS323+AIS431+CSCI315+CSCI465
211002159,MKTG417+MKTG470
211002166,CSCI305+CSCI311+CSCI313+CSCI419+MATH201
211002173,MGMT402+NSCI103
211002189,MGMT402+OPMG401+SSCI102
211002194,AIS323+AIS462+SSCI201
211002233,IENG315+IENG324+IENG345+IENG408
211002250,ACCT202+FINC301+MOIT301
212002283,CSCI208+CSCI217+CSCI322+ECEN449+HUMA102
212002313,MKTG305+OPMG420
212002324,MKTG302+MKTG303+MKTG304+MKTG307+MKTG470
212002332,HUMA001/101 (Computer Lab)+HUMA102+MKTG303+MKTG417+OPMG301
212002333,CSCI315+CSCI465+CSCI482+MATH301
212002399,CSCI217+CSCI417+CSCI419+HUMA001/101 (Computer Lab)+MATH201+MATH301
212002404,MATH301
212002407,AIS323
212002431,CSCI417+CSCI455+SSCI102
212002434,AIS411+CSCI467
212002435,CVL315+CVL441+CVL451+IND252
212002445,CSCI315+CSCI465+CSCI467
221000001,AIS431+AIS462+AIS477+SSCI201
221000002,AIS421+AIS462
221000003,CSCI482+MATH301
221000005,ECE252+ECE338+ECE345+ECE346
221000008,CSCI482+MATH301
221000010,CSCI205+CSCI467+CSCI482+ECEN101C+MATH301
221000011,ECE322+ECE338+ECE345+ECE346+MTH217
221000012,MENG327+MENG422+MNG321+MNG363+SSCI201
221000014,APBI410+CBIO313+CBIO409+MICR405+SSCI102
221000015,CSCI467+CSCI482
221000016,IND212+IND325+MTH214
221000018,FINC307+FINC408
221000019,AIS302+AIS323+AIS411+CSCI315+CSCI467
221000020,AIS411
221000024,AIS421+AIS431+AIS477+CSCI465+MATH203I
221000029,BSAD420+MKTG302+MKTG303+MKTG307+MOIT301+NSCI102
221000033,ECE121+PHY111/PHYS001
221000037,IND325+MENG327+MNG321+MNG363+MNG372
221000043,AIS431+MATH203I
221000052,APBI410+CBIO409+MATH103B+MICR405
221000054,ACCT303+OPMG401
221000056,CSCI465+CSCI467+SSCI102
221000061,ARUD344+ARUD356/CVL317+ARUD363
221000062,AIS421+AIS431+CSCI465+CSCI482
221000064,APBI410+CBIO306+CBIO409+MATH103B+MICR405
221000067,MENG422+MNG321+MNG363+SSCI201
221000068,CSCI467+CSCI482
221000071,MENG327+MENG422+MNG321+MNG363
221000072,AIS421+AIS431+AIS477+SSCI201
221000074,IENG315+IENG324+IENG345+IENG408+IND323
221000082,ECE213+ECE345+ECE471+ECEN428
221000083,ECE231+ECE232+ECE314+ECE322
221000084,ARC222+ARC251+ARC262+CVL213
221000086,AIS421+AIS431+AIS477+MATH203I+SSCI201
221000089,CSCI467+NSCI102+SSCI102
221000090,AIS411+CSCI467+SSCI201
221000091,ACCT303+OPMG420
221000093,CSCI467+CSCI482
221000096,ARUD344+ARUD356/CVL317+ARUD363+HUMA001/101 (Computer Lab)
221000101,CSCI465+CSCI467+MATH210+NSCI102+SSCI102
221000117,AIS421+AIS431+AIS462+AIS477+SSCI201
221000122,OPMG405
221000123,AIS421+AIS431+AIS477+SSCI201
221000124,MKTG304+MKTG405+MKTG417+MKTG470
221000126,MKTG302+MKTG401+MKTG405+MKTG417
221000127,MENG327+MENG422+MNG321+MNG363+SSCI201
221000131,ACCT301+FINC307+FINC406
221000132,OPMG304+OPMG401+OPMG406+OPMG420
221000134,CSCI465+ECE471+ECEN428+ECEN438+SSCI201
221000139,ACCT303+OPMG401+SSCI102
221000142,AIS421+AIS431+CSCI465
221000145,ARUD344+ARUD356/CVL317+ARUD363
221000147,AIS421+AIS431+CSCI465+MATH203I+SSCI201
221000152,CSCI305+CSCI315+CSCI417+CSCI461
221000156,IENG345+IND242+IND252+IND324+IND333
221000158,ECE151+MTH112+MTH113+MTH214
221000161,CSCI217+CSCI465+ECE471+ECEN428+ECEN438
221000165,CBIO305+CBIO306+CBIO312+CBIO313+CBIO314
221000166,AIS302+AIS323+AIS421+AIS431+CSCI212/CSCI221+CSCI315
221000173,FINC301+MKTG302+MKTG303+MKTG304+MKTG307+MKTG401+OPMG301
221000181,ACCT303+MOIT301+OPMG401
221000189,CSCI465+CSCI467
221000191,AIS411+ECE233+ECEN438+MTH217
221000192,ARUD344+ARUD356/CVL317+ARUD363
221000198,APBI410+CBIO314+CBIO409
221000200,MGMT402+NSCI103+OPMG420
221000201,ACCT303+OPMG401+OPMG406+OPMG420+SSCI102
221000202,APBI306+CBIO306+MATH204+MICR405
221000203,ARUD344+ARUD356/CVL317+ARUD363
221000204,CSCI322+CSCI465+ECE471+ECEN428+ECEN438
221000205,CSCI465+ECE471+ECEN428+ECEN438+SSCI201
221000209,IENG324+IENG408+IENG421+IND324+IND356
221000212,CSCI415+CSCI467+CSCI482+MATH210+NSCI102
221000214,AIS411+BSAD401+CSCI482+FINC301
221000217,CSCI208+CSCI465+ECE471+ECEN428+ECEN438
221000221,MKTG405+MKTG417
221000224,IND325+MNG232+MNG363+MNG372
221000229,ECE121+ECE231+MTH215+MTH216+PHY111
221000238,MKTG405+MKTG417+MKTG470
221000240,ARC343+ARC353+ARC363+ARC477+ARUD356/CVL317
221000241,AIS431+AIS477
221000243,IND325+MENG327+MENG422+MNG321+MNG363
221000244,MENG327+MENG422+MNG321+MNG363+SSCI201
221000246,IENG324+IND323+IND333+IND356
221000256,APBI410+CBIO409+MATH103B+MICR405
221000258,MKTG405+MKTG417+MKTG470
221000267,AIS302+AIS323+AIS431+CSCI315+CSCI465+CSCI467
221000268,CSCI415+CSCI455+HUMA001/101 (Room)+NSCI102+SSCI102
221000271,ACCT301+ACCT303+FINC406
221000275,ECE322+ECE335+ECE462+ECEN465+ECEN473
221000280,ECE471+ECEN428+ECEN438+SSCI201
221000289,AIS302+AIS323+AIS411+CSCI315
221000294,APBI410+CBIO313+CBIO409+MICR405
221000295,CSCI467+CSCI482
221000297,ECE233+ECE314+ECE345+ECE471+ECEN428
221000307,BSAD401+CSCI465+MATH210
221000312,FINC307+FINC406
221000315,HUMA001/101 (Room)+MENG327+MENG422+MNG321+MNG363
221000318,AIS421+AIS431+AIS477+SSCI201
221000322,CSCI467+CSCI482
221000330,ECE121+ECE231+ECE471+MTH215+MTH217
221000334,ACCT303+OPMG301+OPMG303+OPMG401
221000340,MKTG304+MKTG417+MKTG470
221000341,ECON201+MATH110B+MGMT201+MOIT301+NSCI102
221000347,AIS421+AIS431+CSCI482
221000348,AIS302+AIS323+AIS411+AIS431+AIS462+CSCI465
221000351,CSCI315+CSCI415+CSCI467+CSCI482+NSCI102
221000352,MNG232+MNG241+MNG372
221000354,CSCI315+CSCI455+ECEN101C+MATH210
221000362,CSCI465
221000377,CVL211+CVL411+CVL451+MTH112
221000378,CSCI315+CSCI417+CSCI451+CSCI465+MATH301
221000379,ECE232+ECE335+ECE338+ECEN465
221000381,MKTG302+MKTG304+MKTG405+MKTG417+MKTG470
221000388,MKTG417+MKTG470
221000389,MKTG307+MKTG401+MKTG405+MKTG417
221000390,MATH301I
221000391,CSCI305+CSCI315+CSCI322+CSCI419+HUMA102
221000392,APBI410+CBIO409+MATH103B+MICR405
221000396,ARUD344+ARUD356/CVL317+ARUD363
221000397,ECE121+MTH111+MTH113+MTH217
221000400,MENG327+MNG241+MNG321+MNG363+MNG372
221000404,CSCI465+CSCI467+HUMA111+SSCI102
221000406,CSCI465+ECE314+ECE471+MTH113+SSCI201
221000407,AIS411
221000410,AIS421+AIS431+AIS462
221000415,CSCI465+CSCI482
221000417,APBI410+MATH103B+MICR303
221000418,CSCI465+CSCI467
221000422,OPMG405
221000424,AIS421+AIS462+AIS477
221000427,CSCI305+CSCI315+CSCI419+CSCI461+MATH210
221000432,AIS421+AIS431+CSCI315
221000438,ACCT303+OPMG401+OPMG406+OPMG420
221000442,CSCI465+ECE471+ECEN428+ECEN438+SSCI201
221000443,CBIO203+CBIO305+CBIO312+CBIO313
221000447,AIS411+SSCI102
221000462,CSCI315+CSCI451+MATH203+MATH301
221000471,BMD404
221000473,AIS411+CSCI451+CSCI467
221000476,IND212+IND242+IND252
221000484,APBI410+CBIO306+CBIO409+MATH103B+MICR405
221000485,ACCT303+FINC302+FINC305
221000494,MTH113
221000495,CSCI467+CSCI482
221000497,BSAD420+MKTG405+MKTG417+MKTG470+NSCI103
221000499,CSCI417+CSCI451+NSCI102
221000507,CSCI205+MATH100+PHYS101C+SSCI102
221000508,CSCI305+CSCI467+CSCI482+NSCI102
221000509,CBIO305+CBIO306+CBIO312+CBIO313+CBIO314
221000522,BSAD420+FINC305+MKTG303+MKTG304+MKTG305
221000529,CSCI322+ECE335+ECE338+ECEN456+HUMA001/101 (Room)
221000533,ECE335+ECE338+ECE462+ECEN465+ECEN473
221000539,CSCI465+CSCI467+NSCI102
221000544,AIS411+CSCI467
221000545,APBI410+MATH103B+MICR303
221000556,CSCI315+ECE213+ECE233+ECE338
221000558,ECE233+ECE338+ECE345+MTH216
221000564,ECE121+ECE213+ECE252+ECE338
221000570,AIS421+AIS431+CSCI465+SSCI201
221000579,CSCI467+CSCI482
221000582,BIO206+CBIO203+CBIO312+CBIO313
221000583,APBI410+CBIO313+CBIO409+MATH204
221000584,MKTG417+MKTG470
221000587,CSCI465+ECE471+ECEN428+ECEN438+SSCI201
221000591,MNG372+MNG373+MNG382
221000594,ECE233+ECE252+ECE345+ECE346+MTH217
221000595,ACCT301+ACCT303+FINC406
221000597,MKTG417+MKTG470
221000600,CSCI415+CSCI482
221000608,CSCI465+CSCI467+NSCI102
221000609,MGMT402+NSCI103+OPMG420
221000610,CSCI415+CSCI467+CSCI482
221000613,ECE252+ECE345+ECE346+MTH216+MTH217
221000630,MENG327+MENG422+MNG321+MNG363
221000633,MKTG417+MKTG470
221000635,CSCI467+CSCI482+NSCI102
221000637,ECE471+ECEN428+ECEN438+SSCI201
221000645,AIS421+AIS431+CSCI465+SSCI201
221000649,ACCT301+ACCT303+BSAD401+FINC307+FINC406
221000653,MENG327+MENG422+MNG321+MNG363
221000656,ECE335+ECE424+ECEN456+ECEN465
221000663,CSCI467+CSCI482
221000674,CSCI467+CSCI482
221000675,BSAD420+ECON201+MGMT402+OPMG301
221000679,FINC307+FINC406
221000681,AIS421+AIS431+AIS477
221000682,CSCI465+CSCI467+NSCI102+SSCI102
221000685,ECEN456+ECEN465+ECEN473
221000689,APBI410+CBIO312+CBIO409
221000691,ACCT201+CSCE101B+ECON201+MATH201B
221000692,APBI101+APBI410+CBIO409+MATH103B+MICR405
221000694,CSCI208+CSCI465+ECE471+ECEN428+ECEN438
221000696,ACCT301+ACCT303+FINC406
221000697,BMD404
221000703,AIS431+AIS477+MATH203I+SSCI201
221000704,APBI410+CBIO409+MATH103B+MICR405
221000705,BMD212+CSCI419+MATH301I
221000709,MKTG417
221000716,CSCI467+CSCI482
221000718,CSCI465+CSCI467
221000720,APBI410+CBIO306+CBIO409+MATH103B+MATH204+MICR405
221000724,ACCT303+BSAD420+MGMT402+OPMG303+OPMG401
221000728,AIS323+AIS421+AIS431+AIS477+CSCI461+CSCI467
221000729,FINC305+MKTG305+MKTG417+MOIT301
221000735,ACCT202+MGMT303+MOIT301+NSCI103
221000738,CSCI467+CSCI482
221000739,CSCI467+CSCI482
221000741,CSCI465+CSCI467
221000743,ACCT303+FINC307+FINC406
221000744,AIS302+AIS421+AIS431+AIS477
221000745,IENG315+IENG324+IENG345+IENG408+IND323
221000746,BMD404
221000748,OPMG405+OPMG420
221000750,CSCI315+CSCI415+CSCI465+CSCI467
221000752,MGMT402+OPMG304+OPMG420
221000754,CSCI465+ECE314+ECE345+ECE471+ECEN428
221000755,BMD404
221000756,CSCI465+ECE314+ECE471+ECEN428+ECEN438
221000759,AIS421+AIS431+AIS477+SSCI201
221000762,MOIT301+OPMG302+OPMG405+SSCI102
221000765,CSCI465+CSCI467
221000767,CSCI465+CSCI467
221000769,CSCI305
221000770,AIS421+AIS431+CSCI465+SSCI201
221000774,CSCI415+CSCI467+HUMA001/101 (Room)+MATH203
221000776,CSCI467+CSCI482
221000783,MKTG302+MKTG304+MKTG307+MKTG401
221000784,ACCT303+MGMT402+OPMG420
221000789,APBI410+CBIO409+MATH103B+MICR405
221000793,CSCI467+CSCI482+SSCI102
221000800,CSCI467+CSCI482+MATH203
221000806,CSCI482
221000807,CSCI467+CSCI482
221000814,MKTG417
221000816,MKTG307+MKTG401+MKTG405+MKTG417
221000821,ECE121+MEC111+MTH112+MTH214
221000823,FINC307+FINC407+FINC408
221000824,MKTG405+MKTG417+MKTG470+SSCI102
221000826,OPMG420+SSCI102
221000828,AIS421+AIS431+CSCI465
221000829,CSCI461
221000830,APBI410+CBIO409+MATH103B+MICR405
221000832,AIS421+AIS431+CSCI465+SSCI201
221000836,APBI410+MATH103B+MICR303
221000837,CSCI465+CSCI482+HUMA001/101 (Computer Lab)+SSCI102
221000842,CSCI465+CSCI467+NSCI102
221000846,CSCI467+CSCI482
221000848,ACCT303+HUMA001/101 (Room)+MGMT402+OPMG420+SSCI102
221000850,ECEN456+ECEN465+ECEN473+SSCI201
221000856,ECE338+ECEN456+ECEN465+ECEN473+SSCI201
221000860,ACCT303+FINC302+FINC406+FINC408
221000883,CSCI305+CSCI313+CSCI315+CSCI419+ECEN101C
221000889,CSCI305+CSCI322+ECEN101C+MATH210
221000895,CSCI465+MATH203+SSCI102
221000896,MENG422+MNG321+MNG363+NSCI102+SSCI201
221000898,AIS411+CSCI415+CSCI467
221000902,CSCI467+CSCI482
221000906,APBI410+MATH103B+MICR303
221000910,MKTG405+MKTG417+MKTG470
221000911,CSCI482+NSCI102
221000915,CSCI465+CSCI482
221000917,CSCI305+CSCI313+CSCI315+CSCI417+CSCI465
221000919,CSCI467+CSCI482
221000923,CSCI482
221000924,BSAD420+ECON308+ECON403+ECON405
221000927,AIS421+AIS431+AIS477+CSCI461
221000929,CSCI208
221000931,CSCI465+CSCI467
221000937,FINC305+MGMT402+MOIT301
221000946,CBIO305+CBIO313+MATH103B+MICR202+MICR405
221000948,CSCI467+CSCI482
221000960,CSCI465+CSCI467+SSCI102
221000961,BMD404+BMD409
221000962,IND325+MENG327+MENG422+MNG321+MNG363
221000966,CSCI465+CSCI467
221000968,CSCI415+MATH201
221000976,CSCI208+CSCI322+ECE345+ECE471+ECEN428
221000979,HUMA102+OPMG401+OPMG420
221000991,CSCI467+CSCI482
221000993,HUMA102+OPMG401+OPMG420
221000994,BMD404
221000995,CSCI467+SSCI102
221000998,CSCI467+CSCI482+SSCI102
221000999,MNG321+MNG363+MNG372
221001001,CSCI315+CSCI415+CSCI482+ECEN101C+NSCI102+SSCI102
221001002,APBI410+CBIO313+CBIO409+MICR405
221001005,MENG422+MNG321+MNG363+SSCI201
221001008,CSCI465+CSCI467
221001014,ACCT303+FINC307+FINC406
221001016,CSCI417+CSCI419+CSCI451+HUMA102
221001021,CSCI208+CSCI465+ECE471+ECEN428+ECEN438+SSCI201
221001022,IND325+MENG327+MENG422+MNG321+MNG363+SSCI201
221001024,CSCI467+CSCI482+SSCI102
221001025,IND325+MENG422+MNG321+MNG363+SSCI201
221001026,CSCI415+CSCI417+CSCI465+CSCI467+HUMA001/101 (Room)
221001028,AIS411+CSCI467
221001031,ACCT301+BSAD401+FINC307+FINC408+HUMA001/101 (Room)+HUMA102
221001032,MKTG417+MKTG470
221001041,CBIO409+MATH103B
221001042,ACCT202+BSAD401+FINC301+MOIT301
221001050,AIS201+AIS421+AIS431+AIS477+CSCI465+CSCI467
221001052,HUMA001/101 (Room)+HUMA102+MKTG303+MKTG304+MKTG417+MKTG470
221001055,AIS411+AIS421+AIS431+AIS462+CSCI313
221001058,CSCI208+CSCI315+MATH112+MATH201
221001063,BMD212+CSCI217+MATH111I+PHYS101C
221001066,APBI410+BIO205+CBIO305+CBIO314+MATH204
221001073,CSCI313+CSCI467+CSCI482
221001092,ACCT303+FINC307+FINC406
221001099,AIS421+AIS462
221001120,BMD404
221001124,CSCI465+CSCI467+SSCI102
221001127,CSCI465+CSCI467+NSCI102
221001128,BMD303+BMD404+BMD407+BMD409+NSCI102
221001131,HUMA102+OPMG401+OPMG420
221001133,AIS302+AIS323+AIS421+CSCI315+CSCI467
221001139,CSCI465+CSCI467
221001140,APBI410+MATH103B+MICR303
221001150,ECE231+ECE232+ECE241+ECE314
221001153,AIS411+CSCI315+CSCI467+MATH210+SSCI102
221001155,CSCI315+CSCI451+CSCI482
221001161,CSCI465+CSCI467
221001162,MENG327+MENG422+MNG321+MNG363
221001165,APBI410+CBIO203+CBIO409+MATH103B+MICR405
221001169,OPMG420
221001189,APBI410+BIO206+CBIO313+CBIO409+MICR405
221001199,AIS431+AIS477+SSCI201
221001206,ARUD344+ARUD356/CVL317+ARUD363
221001207,CSCI315+CSCI415+CSCI465+CSCI467+MATH210
221001213,BMD404+SSCI201
221001214,FINC406+FINC407+NSCI103
221001221,CSCI482
221001224,APBI410+CBIO314+CBIO409
221001233,APBI410+CBIO306+CBIO409+MATH103B+MICR405
221001234,MKTG303+MKTG417+MKTG470
221001236,ACCT301+FINC406
221001237,AIS421+AIS431+AIS462+SSCI201
221001242,OPMG420
221001244,BMD212+BMD404+BMD407+MATH303
221001245,CSCI322+CSCI417+CSCI419+CSCI451+NSCI102
221001247,MKTG305+OPMG401+OPMG420+SSCI102
221001249,MGMT402+OPMG420
221001252,ARUD344+ARUD356/CVL317+ARUD363
221001253,CSCI315+CSCI415+CSCI467+CSCI482
221001256,ACCT303+OPMG420
221001258,ACCT303+FINC307+FINC406
221001263,CSCI465+ECE471+ECEN428+ECEN438+SSCI201
221001265,AIS302+AIS323+AIS431+AIS477+CSCI467
221001266,APBI410+BIO206+CBIO313+CBIO314+MICR405
221001268,CSCI467+CSCI482
221001269,CSCI467+CSCI482
221001273,APBI304+APBI410+CBIO409+MATH103B+MATH204+MICR405
221001274,OPMG401+OPMG420
221001275,CSCI465+CSCI467+HUMA001/101 (Computer Lab)+NSCI102
221001276,ARUD344+ARUD356/CVL317+ARUD363
221001278,APBI410+MATH103B+MICR303
221001282,APBI304+APBI410+CBIO204+CBIO306+MATH103B+MATH204
221001284,CSCI415+CSCI467+CSCI482
221001292,BSAD401+MKTG302+MKTG303+MKTG304+MKTG307+NSCI103
221001298,ARUD344+ARUD356/CVL317+ARUD363
221001311,CSCI467+CSCI482+NSCI102
221001313,CSCI465+CSCI467
221001317,CSCI465+CSCI482
221001326,CSCI465+ECE322+ECE471+ECEN428+ECEN438+SSCI201
221001332,ACCT303+MGMT402+OPMG301+OPMG303+OPMG401
221001333,ACCT301+FINC307+FINC406
221001335,CSCI217+ECE314+ECE345+ECE471+ECEN428
221001337,ACCT303+OPMG303+OPMG401
221001344,CSCI465+CSCI467
221001347,AIS431+AIS462+MATH203I
221001354,CSCI465+CSCI467+SSCI102
221001355,CSCI467+CSCI482
221001359,CSCI465+CSCI467
221001360,BIO205+BIO206+CBIO314+MICR202
221001361,APBI410+CBIO313+CBIO409+MICR405
221001371,AIS411+CSCI467
221001378,AIS411+CSCI467
221001386,CSCI313+CSCI417+CSCI419+CSCI451+MATH112
221001394,CSCI315+CSCI465+CSCI467
221001396,APBI410+MATH103B+MICR303
221001397,BMD212+CSCI305+CSCI313+MATH301I
221001401,IND325+MTH113+MTH214
221001405,CSCI305+CSCI415+CSCI465+MATH203
221001408,ECE231+ECE232+ECE322+ECE338+MTH214+MTH217
221001410,CSCI205+CSCI208+CSCI212/CSCI221+ECEN101C+MATH201
221001411,CSCI465+ECE314+ECE471+ECEN428+ECEN438
221001412,MKTG303+MKTG304+MKTG405+MKTG417+MKTG470
221001421,AIS302+AIS421+AIS431+AIS477
221001423,CSCI305+CSCI315+CSCI465+CSCI467+HUMA102+NSCI102
221001427,APBI410+CBIO313+CBIO409+MICR405
221001428,CSCI207+MATH113/MATH211+MATH201
221001429,APBI304+CBIO203+CBIO409+MATH103B
221001431,APBI410+CBIO313+CBIO409
221001435,CSCI315+CSCI415+CSCI465+CSCI467
221001439,APBI410+CBIO409+MATH103B+MICR405
221001443,CSCI465+CSCI467
221001447,CSCI467+CSCI482
221001448,CSCI467+CSCI482
221001449,CBIO312+CBIO313+CBIO314
221001455,MENG327+MENG422+MNG321+MNG363+SSCI201
221001456,CSCI465+ECE471+ECEN428+ECEN438+SSCI201
221001457,APBI410+CBIO409+MATH103B+MICR405
221001458,CSCI465+CSCI467
221001460,APBI410+CBIO313+CBIO409+MICR405
221001462,MKTG405+MKTG417+MKTG470
221001465,BMD404+MATH303+PHYS101C
221001470,AIS421+AIS431+AIS477
221001471,CSCI207+MATH112+PHYS101C
221001473,FINC307+FINC406
221001474,APBI410+CBIO313+CBIO409+MICR405
221001475,APBI410+CBIO409+HUMA001/101 (Room)+MATH103B+MICR405
221001478,APBI305+APBI306+CBIO313+CBIO409+MICR405
221001480,CSCI467+CSCI482
221001481,APBI102+APBI410+CBIO306+CBIO409+MATH103B
221001483,ECE233+ECE314+ECE471+ECEN428+ECEN438
221001485,APBI410+CBIO409+MATH103B+MICR405
221001488,CSCI315+CSCI419+CSCI467
221001489,AIS411+CSCI467
221001493,AIS421+AIS431+CSCI465+MATH203I
221001495,CSCI217+CSCI419+CSCI461+MATH210
221001496,CSCI315+CSCI482+ECEN101C+NSCI102+SSCI102
221001502,CSCI465+ECE322+ECE471+ECEN428+ECEN438+SSCI201
221001503,APBI410+CBIO409+MATH103B+MICR405
221001504,APBI410+CBIO313+CBIO409+MICR405
221001505,BMD404
221001515,APBI410+CBIO313+CBIO409+MICR405
221001516,APBI102+APBI410+CBIO203+CBIO409+MATH103B+MATH204+MICR405
221001517,BSAD401+ECON201+MGMT402+OPMG301
221001519,CSCI465+CSCI467
221001520,AIS421+AIS431+AIS477+CSCI461+SSCI201
221001522,APBI410+CBIO313+CBIO409+MICR405
221001524,AIS421+AIS462
221001526,MGMT402+OPMG301
221001530,CSCI217+CSCI305+CSCI417+CSCI419+MATH301I
221001531,APBI410+CBIO306+CBIO313+CBIO409+MICR405
221001537,BSAD401+BSAD420+MKTG405+MKTG417+MKTG470
221001538,ACCT301+ACCT303+FINC307
221001540,CSCI315+CSCI467+CSCI482+NSCI102+SSCI102
221001541,CSCI467+CSCI482
221001544,CSCI315+CSCI417+CSCI467
221001546,APBI410+CBIO313+CBIO409+MICR405
221001547,BMD404+BMD409
221001548,BMD404
221001551,MKTG303+MKTG304+MKTG307+MKTG417+MKTG470
221001552,ACCT303+FINC407
221001554,AIS421+AIS431+CSCI315
221001555,ACCT303+BSAD401+OPMG303+OPMG401
221001558,CSCI208+CSCI313+CSCI315+ECEN101C
221001562,CSCI467+CSCI482
221001565,AIS421+AIS431+CSCI465+SSCI201
221001566,ARUD344+ARUD356/CVL317+ARUD363
221001568,APBI410+CBIO313+CBIO409+MICR405
221001579,ECE322+ECE335+ECE462+ECEN465+ECEN473
221001586,CSCI315+CSCI451+CSCI482
221001590,CSCI465+ECE322+ECE471+ECEN428+ECEN438
221001592,AIS421+AIS431+AIS462
221001595,CSCI419+ECE471+ECEN428+ECEN438+IND325
221001596,ARC251+ARUD344+ARUD356/CVL317+ARUD363
221001597,APBI101+APBI410+CBIO409+MATH103B+MATH204+MICR405
221001602,AIS411+CSCI305+CSCI315+CSCI415+CSCI467
221001605,CSCI465+ECE322+ECE471+ECEN428+ECEN438+SSCI201
221001609,CSCI465+CSCI467
221001614,AIS411+CSCI467
221001616,CSCI315+CSCI415+CSCI465+CSCI467
221001618,BMD404+HUMA001/101 (Room)
221001619,AIS431+AIS477
221001621,CSCI305+CSCI313+CSCI315+CSCI322+CSCI415
221001623,AIS411+CSCI467
221001625,CSCI417+NSCI102
221001626,BSAD401+MKTG305+MKTG307+MKTG417+MKTG470
221001630,BMD404
221001633,BMD404+BMD409+CSCI112
221001636,CSCI465+CSCI467
221001640,MNG321+MNG333+MNG335+MNG336+MNG363+MNG372
221001641,CSCI465+CSCI467
221001643,CSCI465+ECE233+ECE314+ECE471+ECEN428+ECEN438
221001646,AIS421+AIS431+CSCI465
221001647,AIS421+AIS431+CSCI465
221001652,CSCI467+CSCI482
221001655,CBIO313+CBIO409+MATH204
221001656,CSCI467+CSCI482
221001657,CVL211+CVL231+CVL331+MTH113
221001658,AIS411+CSCI467
221001660,MOIT301+OPMG301+OPMG303+OPMG401
221001665,BMD404
221001666,APBI305+CBIO204+CBIO408+CBIO409+MATH103B
221001667,CSCI305+CSCI315+CSCI417+CSCI419+CSCI461
221001670,BSAD420+OPMG303+OPMG401
221001671,IND212+IND242+IND252
221001672,AIS411+CSCI465
221001673,APBI410+CBIO409+MATH103B+MICR405
221001674,MATH201B+MOIT301
221001676,MENG327+MENG422+MNG321+MNG363
221001677,APBI305+APBI306+CBIO306+CBIO313
221001678,APBI305+APBI306+APBI410+MATH103B
221001679,AIS411+CSCI467
221001680,CSCI467+CSCI482
221001682,BMD404+HUMA001/101 (Room)+MATH201
221001683,IND325+MENG327+MENG422+MNG321+MNG363
221001684,CSCI465+CSCI467+HUMA001/101 (Room)
221001686,MENG422+MENG442+MENG446+MNG386+MNG484
221001687,AIS411+CSCI467
221001688,BMD404
221001690,CSCI315+CSCI415+CSCI461+CSCI465+CSCI467+SSCI102
221001691,CSCI465+ECE471+ECEN428+ECEN438
221001692,AIS411
221001693,CSCI467+CSCI482+SSCI102
221001697,CSCI467+CSCI482
221001698,AIS411+CSCI467
221001699,HUMA102+OPMG401+OPMG420
221001700,CSCI465+CSCI467+MATH301+NSCI102+SSCI102
221001701,AIS421+AIS431+AIS477+SSCI201
221001703,APBI410+CBIO204+HUMA001/101 (Room)+MICR202
221001704,AIS421+AIS431+CSCI465+CSCI482
221001705,CSCI467+CSCI482
221001706,CSCI315+CSCI415+CSCI467+CSCI482
221001707,AIS411+CSCI467
221001709,CSCI467+CSCI482
221001710,ECE121+INT111+MEC111+MTH216
221001711,MATH121+PHY111/PHYS002
221001712,BSAD401+MKTG302+MKTG303+MKTG305+MKTG307+OPMG301
221001713,BSAD401+MKTG303+MKTG307+MKTG417
221001714,CSCI465+CSCI467
221001717,BMD404
221001718,ACCT301+FINC302+FINC406+FINC408
221001719,APBI410+CBIO409+MATH103B+MICR405
221001720,BMD212+CSCI417+MATH301I
221001721,OPMG304+OPMG420
221001722,ACCT301+ACCT303+FINC307
221001723,CSCI467+CSCI482+NSCI102
221001724,APBI410+BIO206+CBIO409+MATH102+MICR405
221001727,APBI410+BIO206+CBIO204+CBIO306+CBIO313+MICR405
221001728,APBI102+APBI410+BIO205+CBIO409+MATH103B+MICR405
221001729,ARUD344+ARUD356/CVL317+ARUD363
221001731,APBI304+APBI410+MATH103B+MICR303
221001732,AIS411+CSCI467
221001734,APBI101+APBI102+APBI410+CBIO203+CBIO409+MATH204+MICR405
221001738,ECE232+ECE233+ECE314+MTH216
221001739,ACCT303+NSCI103+OPMG420
221001740,ECE338+ECE424+ECEN456+ECEN465
221001741,MGMT402+OPMG304+OPMG420
221001745,APBI102+CHM102+PHY102
221001746,MENG327+MENG422+MNG321+MNG363
221001747,CSCI467+CSCI482
221001749,CBIO204+MATH204+MICR202+PHY102
221001750,CVL313+CVL334+CVL411+CVL432+SSCI201
221001755,CSCI467+CSCI482
221001757,AIS411+CSCI467
221001759,CSCI467+CSCI482
221001760,APBI304+APBI410+CBIO409+MATH204+MICR405
221001761,CSCI305+CSCI315+CSCI461+CSCI465
221001763,MEC111+PHY111/PHYS001
221001764,APBI410+CBIO409+MATH103B+MICR405
221001768,CSCI305+CSCI419+CSCI461
221001771,CSCI305+CSCI313+CSCI461+CSCI465+CSCI467+ECEN101C
221001772,CSCI467+CSCI482
221001773,BIO206+CBIO203+MATH204
221001775,CSCI465+CSCI467
221001776,CSCI465+CSCI482+NSCI102
221001779,CSCI315+CSCI415+CSCI467+CSCI482
221001780,CSCI465+CSCI467
221001781,CSCI315+CSCI415+CSCI417+CSCI467+CSCI482+NSCI102
221001783,CSCI315+CSCI415+CSCI467+CSCI482
221001785,CSCI415+CSCI467+CSCI482+MATH203
221001787,APBI304+CBIO203+CBIO409+MATH103B+MICR405
221001789,HUMA001/101 (Room)+HUMA102+MGMT402+OPMG420
221001792,AIS421+AIS431+CSCI465
221001794,ECE121+ECE151+MTH113
221001795,ECE335+ECE338+ECE424+ECEN456+ECEN465
221001796,AIS411+CSCI467
221001797,APBI410+CBIO313+CBIO409+MICR405
221001798,AIS411
221001799,AIS411+CSCI467
221001800,ARUD344+ARUD356/CVL317+ARUD363
221001801,CSCI315+CSCI465+CSCI467+HUMA001/101 (Room)+SSCI102+SSCI201
221001803,APBI410+CBIO409+MATH103B+MICR405
221001804,APBI410+MATH103B+MICR303
221001806,CSCI315+CSCI415+CSCI467+CSCI482
221001807,CSCI465+CSCI467
221001810,MKTG405+MKTG417+MKTG470
221001811,ACCT202+MGMT303+OPMG302
221001815,AIS421+AIS431+CSCI465
221001819,CSCI467+CSCI482
221001823,CSCI465+CSCI467+SSCI102
221001824,CSCI465+CSCI482
221001825,APBI410+CBIO313+CBIO409+MICR405
221001826,BMD102+CSCI207+MATH113/MATH211
221001828,CSCI465+CSCI467+HUMA001/101 (Room)
221001830,APBI305+APBI306+APBI410+CBIO306+MICR405
221001832,ACCT202+NSCI102+OPMG302
221001833,APBI410+CBIO313+CBIO409+MICR405
221001836,CSCI315+CSCI417+CSCI465+CSCI467
221001837,CSCI315+CSCI415+CSCI417+CSCI467+CSCI482
221001841,CBIO306+CBIO409+MATH103B+MATH204+MICR405+PHY102
221001842,CSCI467+CSCI482+MATH203+NSCI102
221001843,CSCI465+CSCI467+NSCI102
221001845,APBI101+APBI410+CBIO305+CBIO306+MATH204+MICR405
221001850,CSCI305+CSCI315+CSCI465+CSCI482
221001851,CSCI455+MATH210+NSCI102
221001852,BSAD401+MKTG405+MKTG417+MKTG470
221001853,ACCT303+OPMG420
221001854,CSCI467+CSCI482
221001856,CSCI461+CSCI465+CSCI467+NSCI102
221001857,CSCI465+CSCI467+ECEN101C
221001861,APBI410+CBIO204+CBIO306+CBIO409+MATH103B
221001862,CSCI415+CSCI467
221001865,CSCI217+CSCI417+HUMA001/101 (Room)+MATH112+MATH201
221001867,APBI410+BIO205+BIO206+CBIO203+MICR202
221001868,CSCI465+CSCI467
221001869,CSCI467+CSCI482
221001872,CSCI467+CSCI482
221001874,APBI101+APBI410+MATH103B+MATH204+MICR405
221001875,CSCI465+CSCI467
221001876,APBI410+MATH103B+MICR303
221001877,AIS411
221001878,CSCI311+CSCI417+CSCI451+MATH210
221001880,APBI304+APBI410+CBIO204+CBIO409+MATH103B+MATH204+MICR405
221001881,APBI410+CBIO409+MATH103B+MICR405
221001882,AIS421+AIS431+AIS477+CSCI465+CSCI467
221001883,APBI101+APBI410+BIO205+CBIO305+CBIO314+MATH204+MICR405
221001886,APBI304+CBIO203+CBIO409+MATH103B+MICR405
221001888,APBI410+CBIO305+CBIO313+CBIO314+MATH204+MICR405
221001890,OPMG304+OPMG401+OPMG406+OPMG420
221001891,CSCI482+MATH301+NSCI102
221001892,APBI101+APBI410+BIO206+MATH102
221001893,CSCI465+ECE314+ECE471+ECEN428
221001894,ECON201+MATH201B
221001896,AIS411+CSCI467+SSCI102
221001899,AIS411+CSCI467+HUMA001/101 (Room)
221001902,APBI410+BIO205+CBIO306+CBIO313+CBIO314+MATH204
221001905,CSCI212/CSCI221+CSCI305+CSCI451
221001906,AIS411+CSCI467
221001907,APBI410+CBIO409+HUMA001/101 (Room)+MATH103B+MICR405+PHY102
221001908,APBI305+APBI306+CBIO313+CBIO409
221001909,CSCI465+CSCI467
221001910,APBI305+APBI306+CBIO204+MATH204
221001911,CSCI465+CSCI467
221001912,CSCI467+CSCI482
221001914,CSCI465+CSCI467
221001916,CSCI315+CSCI467+CSCI482
221001918,CSCI461+CSCI482
221001919,CSCI467+CSCI482
221001920,BSAD401+MGMT402+MOIT301+NSCI103+OPMG303
221001921,APBI410+CBIO409+MATH103B+MICR405
221001922,APBI306+CBIO306+MATH204
221001923,BMD404+HUMA001/101 (Room)
221001928,CBIO409+MICR303+MICR405
221001930,ACCT301+FINC301+NSCI103+OPMG301
221001931,CSCI112+CSCI205+MATH113/MATH211+PHYS101C
221001932,APBI410+CBIO306+CBIO313+CBIO409+HUMA001/101 (Room)+MICR405
221001933,APBI305+APBI306+CBIO314+CBIO409+MATH103B+MICR405
221001934,APBI410+CBIO409+MATH103B+MICR405
221001937,CSCI465+CSCI467
221001938,CSCI305+CSCI322+MATH301+SSCI102
221001939,BIO205+BIO206+CBIO312+CBIO409
221001940,ACCT303+BSAD401+FINC307+FINC406+MGMT303
221001941,APBI305+APBI306+APBI410+CBIO409+MATH103B+MICR405
221001943,CSCI315+CSCI415+CSCI417+CSCI455+MATH210
221001944,APBI304+APBI305+APBI306+MATH102
221001947,BMD404+SSCI201
221001951,CSCI305+CSCI415+CSCI455+HUMA102
221001952,APBI304+APBI410+CBIO306+CBIO409+MATH103B+MATH204+MICR405
221001953,MICR202
221001954,AIS411+CSCI467
221001955,APBI410+BIO205+CBIO314+MATH204
221001956,CSCI305+CSCI315+CSCI322+CSCI417+CSCI419+ECEN101C
221001957,CSCI465+CSCI467
221001958,BMD404+BMD409
221001964,CSCI465+CSCI467
221001966,APBI304+APBI410+CBIO409+MATH103B+MATH204+MICR405
221001968,AIS411+CSCI467
221001971,CSCI465+CSCI467+NSCI102
221001972,APBI410+CBIO409+MATH103B+MICR405
221001974,CSCI207+MATH201
221001977,CSCI315+CSCI465+CSCI482
221001978,BSAD420+MKTG303+MKTG304+MKTG405+MKTG417+MKTG470
221001979,CSCI217+CSCI322+MATH210
221001980,BIO206+CBIO203+CBIO312+CBIO313
221001982,CSCI465+CSCI467
221001983,CSCI467+CSCI482
221001984,APBI305+APBI306+APBI410+CBIO409+MATH103B+MICR405
221001986,CSCI482+HUMA001/101 (Room)+MATH210
221001987,CSCI305+CSCI315+CSCI417+CSCI419+SSCI102
221001989,CSCI467+CSCI482+HUMA102+SSCI102
221001990,BIO206+MATH204+MICR202
221001994,AIS411+CSCI467+HUMA102
221001995,CSCI465+CSCI467
221001997,CSCI305+CSCI315+CSCI417+CSCI419+MATH210
221001998,ACCT303+FINC302+FINC406+FINC408
221001999,APBI410+CBIO313+CBIO409+MICR405
221002000,AIS411+CSCI467
221002001,CSCI207+HUMA111+MATH112
221002008,ARC262+PHY111/PHYS002
221002011,APBI410+CBIO409+MATH103B+MICR405
221002014,MKTG305+NSCI103+OPMG420
221002020,MGMT402+OPMG405+OPMG406+OPMG420
221002021,ACCT202+FINC301+OPMG302
221002022,ACCT301+FINC307+FINC406+FINC408
221002023,OPMG304+OPMG406+OPMG420
221002024,ACCT202+FINC301+MOIT301+NSCI102+OPMG302
221002025,IND325+MENG327+MNG321+MNG363+MNG372
221002026,ACCT301+ACCT303+FINC302+FINC406+FINC408
221002030,APBI410+CBIO314+CBIO409
221002035,CSCI465+CSCI467+HUMA001/101 (Room)
221002036,MGMT402+OPMG420
221002041,ECE151+MEC111+MTH112+MTH113+PHY111/PHYS002
221002049,APBI410+CBIO313+CBIO409+MICR405
221002050,CSCI315+CSCI415+CSCI465+CSCI467+MATH210
221002051,AIS421+AIS431+AIS462
221002054,APBI410+CBIO409+MATH103B+MICR405
221002055,ACCT301+FINC406
221002056,IENG345+IND212+IND242+IND252+IND324
221002058,APBI304+APBI410+CBIO409+MATH103B+MICR405
221002059,APBI101+CBIO203+CHM102+MATH102+MICR202
221002060,ECE151+INT121+MTH113+PHY112
221002062,APBI410+CBIO313+CBIO409+MICR405
221002066,MKTG305+NSCI103+OPMG420
221002067,BSAD401+FINC301+MKTG303+MKTG304+MKTG417+MKTG470
221002073,ACCT303+OPMG406+OPMG420
221002082,ACCT301+ACCT303+FINC406
221002083,CSCI465+CSCI467
221002087,HUMA001/101 (Room)+MKTG304+MKTG405+MKTG417+MKTG470
221002088,APBI410+CBIO409+MATH103B+MICR405+PHY102
221002092,BMD404+MATH303
221002097,IND325+MENG327+MNG321+MNG363+MNG372
221002099,MNG363+MNG372+NSCI102
221002109,BSAD420+MATH201B+MKTG405+MKTG470+MOIT301
221002111,BMD404
221002116,CSCI315+CSCI461+CSCI482+MATH203
221002117,CBIO203+CBIO312+CBIO313+MICR202
221002118,MKTG417+MKTG470
221002121,ACCT301+FINC406+FINC407+FINC408
221002126,ECON201+MATH201B
221002127,CSCI322+CSCI417+CSCI451+MATH112
221002128,APBI305+APBI306+APBI410+MATH103B+MICR405
221002131,APBI305+APBI306+CBIO203+CBIO204+CBIO409+MATH102
221002132,APBI410+CBIO409+MATH103B+MICR405
221002134,CBIO409+MATH103B+MATH204+PHY102
221002138,MGMT402+OPMG303
221002144,CSCI482+ECEN101C+NSCI102+SSCI102
221002148,OPMG406+OPMG420
221002151,BIO205+BIO206+CBIO409+MICR202
221002152,APBI410+CBIO314+CBIO409+MICR405
221002158,CSCI315+CSCI415+CSCI465+CSCI467+NSCI102
221002160,APBI305+APBI306+CBIO305+CBIO306
221002161,CSCI465+CSCI482
221002162,APBI410+CBIO203+CBIO305+MATH204+MICR202
221002163,CSCI465+CSCI467
221002164,AIS201+CSCI417+CSCI451+PHYS101C
221002165,CSCI465+CSCI467
221002169,ECON201+FINC305+MGMT402+MOIT301+OPMG301
221002170,CSCI313+CSCI467+CSCI482
221002189,APBI410+CBIO313+CBIO409+MICR405
221002191,ACCT202+MATH201B+MOIT301
221002192,APBI305+APBI306+CBIO203+CBIO305+MICR405
221002193,CSCI465+CSCI467
221002199,ARUD344+ARUD356/CVL317+ARUD363
221002200,BMD404+SSCI201
221002201,APBI410+CBIO409+HUMA001/101 (Room)+MATH103B+MICR405
221002204,MNG232+MNG321+MNG333+MNG372+MTH215
221002211,BSAD401+MKTG405+MKTG417+MKTG470
221002212,CSCI461+CSCI465+NSCI102
221002221,ECE232+ECE314+ECE335+ECE338+ECEN465
221002233,MENG422+MENG442+MENG446+MNG232+MNG386+MNG484
221002239,ECE231+ECE232+ECE241+MTH217
221002240,HUMA001/101 (Room)+MKTG304+MKTG405+MKTG417+NSCI102
221002245,CSCI217+ECE314+ECE345+ECE471+SSCI201
221002246,CVL211+CVL231+MTH113
221002249,CSCI467+CSCI482
221002250,BSAD401+OPMG401+OPMG406+OPMG420
221002255,MKTG405+MKTG417+MOIT301
221002256,MKTG303+MKTG405+MKTG417+MOIT301
221002262,CSCI208+CSCI465+ECE471+ECEN428+ECEN438
221002263,IENG315+IENG324+IENG408+IND323+SSCI201
221002275,MGMT402+MKTG305+NSCI103+OPMG420
222000004,ACCT202+ECON201+MGMT303
222000008,AIS302+AIS323+CSCI305+CSCI315+CSCI417+CSCI451
222000009,ACCT202+BSAD401+FINC301+NSCI103
222000012,FINC307+FINC406+FINC407+HUMA001/101 (Room)+HUMA102
222000013,BSAD420+OPMG420+SSCI102
222000017,FINC301+HUMA001/101 (Computer Lab)+HUMA102+MGMT402+OPMG301
222000018,MEC111+MTH214
222000052,CSCI467+CSCI482
222000057,CSCI315+CSCI467+CSCI482+NSCI102
222000058,CSCI315+CSCI461+CSCI465+CSCI467+HUMA102+SSCI102
222000062,CSCI305+CSCI315+CSCI417+CSCI419+CSCI461+SSCI102
222000063,APBI410+CBIO204+CBIO409+MATH103B+MICR405+PHY102
222000064,CSCI315+CSCI415+CSCI465+CSCI467
222000065,CSCI467+CSCI482+MATH301+NSCI102
222000066,CSCI467+CSCI482
222000070,APBI410+CBIO306+CBIO313+MICR405
222000071,CSCI467+CSCI482+HUMA102+SSCI102
222000072,APBI410+CBIO306+CBIO409+MATH103B+MATH204+PHY102
222000074,ACCT202+MGMT303+NSCI103
222000075,CSCI208+CSCI305+CSCI313+CSCI315+CSCI322+MATH210
222000076,APBI102+APBI305+APBI306+CBIO305+MICR405
222000082,FINC302+FINC406+FINC408
222000084,MKTG302+MKTG303+MKTG305+MKTG307+MKTG401+OPMG301
222000086,MGMT402+MOIT301+OPMG301
222000087,CSCI315+CSCI415+CSCI417+CSCI465+CSCI467
222000092,CSCI315+CSCI415+CSCI461+CSCI467+CSCI482+MATH203
222000108,APBI305+APBI306+APBI410+CBIO305+CBIO306+CBIO409+MICR405
222000111,AIS302+AIS323+AIS411+AIS431+AIS462+CSCI467
222000112,CSCI305+CSCI315+CSCI417+CSCI419+CSCI461
222000114,AIS411+CSCI415+CSCI417+CSCI467+ECEN101C+MATH210
222000121,APBI410+CBIO306+CBIO314+MICR405+PHY102
222000124,BSAD401+MOIT301+OPMG302
222000131,MEC111+MEC112+MNG232+MNG241+MNG271
222000132,BSAD401+NSCI102+OPMG302
222000142,ECON201+MGMT303+NSCI103
222000159,APBI102+APBI305+APBI306+CBIO203+CBIO305+MATH204
231000001,MKTG302+MKTG303+MKTG304+MKTG307+MKTG401+NSCI102
231000002,CVL315+CVL334+CVL411+CVL432+CVL441+CVL451
231000005,AIS302+AIS323+CSCI315+CSCI451+CSCI461+CSCI467
231000006,CSCI305+CSCI315+CSCI417+CSCI419+CSCI461
231000008,AIS302+AIS323+CSCI313+CSCI315+CSCI451+CSCI467
231000009,IND212+IND252+IND325+MTH215
231000010,AIS302+AIS323+CSCI315+CSCI451+CSCI467+SSCI201
231000011,ARC343+ARC353+ARC363+ARC477+ARUD356/CVL317
231000012,BMD303+BMD407+BMD409+CSCI417+CSCI419+MATH303
231000013,ACCT301+BSAD401+FINC302+FINC407
231000016,CSCI305+CSCI315+CSCI417+CSCI419+CSCI461+SSCI102
231000017,MKTG302+MKTG303+MKTG304+MKTG307+MKTG401
231000018,AIS201+CSCI305+CSCI311+CSCI313+MATH201
231000021,CSCI305+CSCI315+CSCI417+CSCI419+CSCI461
231000023,CSCI322+ECE315+ECE338+ECE345
231000025,ACCT301+BSAD401+FINC302+FINC407
231000027,ACCT301+BSAD401+FINC406
231000028,ECE314+ECE315+ECE346
231000029,ACCT303+HUMA001/101 (Room)+HUMA102+MGMT402+MKTG303+OPMG304+OPMG401
231000030,ARC343+ARC353+ARC363+ARC477+ARUD356/CVL317
231000031,MNG321+MNG333+MNG335+MNG336+MNG363+MNG372
231000032,AIS302+AIS323+CSCI315+CSCI451+CSCI461+CSCI467
231000033,AIS302+AIS323+CSCI315+CSCI451+CSCI467+SSCI201
231000037,BSAD401+MKTG302+MKTG303+MKTG304+MKTG305+MKTG307+MKTG401
231000038,AIS302+AIS323+CSCI315+CSCI451+CSCI461+MATH203I
231000040,AIS302+AIS323+CSCI315+CSCI451+CSCI461+CSCI467
231000041,CSCI217+CSCI419+HUMA001/101 (Room)+MATH201
231000043,BSAD401+MKTG302+MKTG303+MKTG307+MKTG401
231000044,ARC262+ARC343+ARC477+MTH113
231000045,AIS302+AIS323+CSCI315+CSCI451+CSCI461+CSCI467+SSCI201
231000046,MEC112+MNG223+MTH214+PHY111/PHYS001
231000048,ECE151+PHY111/PHYS001
231000049,ECE315+ECE338+ECE345+ECE346+ECE355
231000050,APBI102+APBI305+APBI306+CBIO305+CBIO306
231000052,MNG223+MNG241+MNG271+MTH215+MTH216
231000053,AIS201+CSCI305+ECEN101C+MATH301I
231000057,CSCI305+CSCI315+CSCI461+HUMA001/101 (Room)+SSCI102
231000063,AIS302+AIS323+CSCI315+CSCI451+CSCI461+CSCI467
231000065,BMD303+BMD407+BMD409+CSCI417+CSCI419+MATH303
231000068,CBIO203+CBIO204+PHY102
231000071,CSCI305+CSCI315+CSCI417+CSCI419+CSCI461
231000075,ECE314+ECE315+ECE335+ECE338+ECE346
231000076,CSCI305+CSCI315+CSCI417+CSCI461+SSCI102
231000083,MNG321+MNG333+MNG335+MNG336+MNG363+MNG372
231000084,CHM111+MEC111+MTH112
231000088,CSCI305+CSCI315+CSCI417+CSCI419+CSCI461+MATH301
231000090,MKTG303+MKTG305+NSCI102+NSCI103+OPMG420
231000094,ECE338+ECE345+ECE346
231000095,AIS302+AIS323+CSCI305+CSCI313+CSCI315+CSCI467
231000097,MNG321+MNG333+MNG335+MNG336+MNG363+MNG372
231000098,BSAD401+MKTG303+OPMG304+OPMG401+OPMG406
231000102,CSCI305+CSCI313+CSCI315+CSCI322+CSCI417
231000103,MKTG302+MKTG304+MKTG307+MKTG401+NSCI102+NSCI103
231000104,CSCI305+CSCI315+CSCI417+CSCI419+CSCI461
231000106,ACCT301+ACCT303+FINC302+FINC408
231000107,AIS302+AIS323+CSCI315+CSCI451+CSCI461+CSCI467
231000110,ARC343+ARC353+ARC363+ARC477+ARUD356/CVL317
231000112,ECE314+ECE315+ECE335+ECE338+ECE346
231000114,AIS302+AIS323+CSCI315+CSCI451+CSCI461+CSCI467
231000116,BMD303+BMD407+BMD409+CSCI417+CSCI419+MATH301I
231000118,ECE315+ECE338+ECE345+ECE346+ECE355
231000119,AIS302+AIS323+CSCI315+CSCI451+CSCI467+SSCI201
231000120,APBI305+APBI306+CBIO305+CBIO306+MICR405
231000125,CSCI461+CSCI467+CSCI482
231000132,CSCI305+CSCI315+CSCI419
231000133,CSCI305+CSCI315+CSCI419+CSCI461+NSCI102+SSCI102
231000137,AIS302+AIS323+CSCI315+CSCI451+CSCI467+MATH203I+SSCI201
231000138,MNG321+MNG333+MNG335+MNG336+MNG363+MNG372
231000139,ARC343+ARC353+ARC363+CVL213
231000144,CSCI305+CSCI315+CSCI417+CSCI419+CSCI461
231000149,BSAD401+BSAD420+MKTG302+MKTG303+MKTG305+MKTG401
231000150,CSCI315+CSCI461+CSCI467+NSCI102
231000153,ECE315+ECE338+ECE345+ECE346+ECE355
231000154,CSCI417+CSCI451+ECEN101C+MATH201+SSCI201
231000157,ECE315+ECE345+ECE346+ECE355
231000159,CSCE101B+MKTG302+MKTG305+MKTG401+MKTG417+MKTG470
231000160,ACCT301+BSAD401+FINC302+FINC406
231000161,CSCI305+CSCI315+CSCI417+CSCI419+CSCI461
231000163,ECE315+ECE338+ECE345+ECE346+ECE355
231000164,ECE315+ECE338+ECE345+ECE355+ECE471
231000165,CSCI305+CSCI415+CSCI417+CSCI461+ECEN101C+HUMA102+SSCI102
231000166,CSCI305+CSCI315+CSCI417+CSCI419+CSCI461+HUMA001/101 (Room)
231000168,ECE315+ECE338+ECE345+ECE346+ECE355
231000173,CSCI305+CSCI311+CSCI313+CSCI417+CSCI419+HUMA102+SSCI102
231000176,CSCI305+CSCI315+CSCI417+CSCI419+CSCI461+SSCI102
231000178,MKTG302+MKTG303+MKTG304+MKTG307+MKTG401
231000179,CSCI305+CSCI315+CSCI417+CSCI461+ECEN101C+SSCI102
231000180,CSCI305+CSCI315+CSCI417+CSCI419+CSCI461+SSCI102
231000183,CSCI305+CSCI315+CSCI417+CSCI419+CSCI461+MATH210
231000184,MKTG401+MKTG405+MKTG417+MKTG470+MOIT301+OPMG301
231000185,BSAD401+MKTG302+MKTG303+MKTG307+MKTG401
231000195,CSCI305+CSCI315+CSCI417+CSCI419+CSCI461
231000196,ECE315+ECE338+ECE345+ECE346+ECE355
231000200,AIS302+AIS323+CSCI315+CSCI417+CSCI451+CSCI467
231000201,APBI101+CBIO203+CHM102+MATH204+MICR202
231000202,CSCI305+CSCI315+CSCI419+MATH210+NSCI102
231000208,BSAD401+MKTG302+MKTG303+MKTG305+MKTG401
231000210,ECE338+ECE345+ECE355+ECE471+MEC111+MTH217
231000212,ECE315+ECE338+ECE345+ECE355+ECE471
231000214,ECE315+ECE338+ECE345+ECE346+ECE355
231000215,MNG232+MNG241+MNG321+MNG333+MNG363+MNG372
231000221,ACCT301+ACCT303+SSCI102
231000222,AIS302+AIS323+CSCI313+CSCI315+CSCI451+CSCI467
231000223,ARC343+ARC353+ARC363+ARC477+ARUD356/CVL317
231000224,CSCI305+CSCI313+CSCI315+MATH301
231000226,CSCI305+CSCI315+CSCI417+CSCI419+CSCI451+MATH210
231000239,ACCT202+BSAD401+ECON201+FINC301+OPMG302
231000241,AIS302+AIS323+CSCI315+CSCI451+CSCI461+CSCI467
231000243,ACCT202+ECON201+MOIT301+NSCI102+OPMG302
231000245,BSAD401+MGMT402+MKTG303+OPMG304+OPMG420
231000250,ECE315+ECE338+ECE345+ECE346+ECE355+MTH216
231000254,ECE121+MEC111+MTH113+MTH215
231000256,CSCI305+CSCI313+CSCI315+MATH301
231000258,ECE314+ECE315+ECE335+ECE338+ECE346
231000259,ECE233+ECE338+ECE345+ECE346+ECE355+ECE471
231000262,CSCI305+CSCI315+CSCI417+CSCI419+HUMA001/101 (Room)
231000263,MGMT402+MKTG303+NSCI103+OPMG304+OPMG401+OPMG406
231000267,ECE315+ECE338+ECE345+ECE355+ECE471
231000269,MNG333+MNG372+MNG373+MNG382+MNG386+MNG484
231000270,ECE315+ECE338+ECE345+ECE355+ECE471
231000271,MNG223+MNG232+MNG241+MNG271
231000272,AIS302+AIS323+CSCI315+CSCI451+CSCI461+CSCI467
231000273,BMD303+BMD407+BMD409+CSCI417+CSCI419+MATH303
231000274,AIS201+CSCI305+CSCI315+CSCI322+MATH301I
231000275,ECE314+ECE315+ECE335+ECE338
231000276,AIS302+AIS323+CSCI315+CSCI451+CSCI461+CSCI467
231000278,AIS302+AIS323+CSCI305+CSCI313+CSCI315+CSCI467
231000281,AIS302+AIS323+CSCI315+CSCI451+CSCI461+CSCI467
231000286,INT121+MNG241+MNG271+MTH216
231000288,CBIO204+CHM102+MATH204
231000291,AIS201+CSCI315+CSCI451+CSCI461+CSCI465+MATH201
231000294,ECE121+MTH112+MTH214+PHY112
231000310,CSCI311+CSCI417+CSCI451+CSCI461+CSCI467
231000312,ARC343+ARC353+ARC363+ARC477+ARUD356/CVL317
231000313,AIS302+AIS323+CSCI315+CSCI451+CSCI461+CSCI467+SSCI201
231000314,ECE315+ECE338+ECE345+ECE355+ECE471
231000323,MKTG302+MKTG303+MKTG304+MKTG307+MKTG401+MOIT301
231000326,MNG335+MNG336+MNG363+MNG372
231000327,MNG321+MNG333+MNG335+MNG336+MNG363+MNG372
231000328,ACCT303+BSAD401+FINC302+FINC408+NSCI103
231000330,ACCT201+ECON201+NSCI102
231000331,ECE121+ECE151+PHY111/PHYS001
231000334,AIS302+AIS323+CSCI305+CSCI313+CSCI315+CSCI467
231000337,ARC343+ARC353+ARC363+ARC477+ARUD356/CVL317
231000340,ARC343+ARC353+ARC363+ARC477+ARUD356/CVL317
231000343,AIS302+AIS323+AIS411+CSCI315+CSCI451+CSCI467
231000345,MNG232+MNG321+MNG333+MNG363+MNG372
231000352,ECE314+ECE315+ECE338+ECE346
231000355,CVL315+CVL334+CVL411+CVL432+CVL441+CVL451
231000356,CSCI305+CSCI315+CSCI417+CSCI419+CSCI461
231000357,CSCI305+CSCI311+CSCI313+CSCI419+CSCI461+NSCI102
231000359,CSCI305+CSCI315+CSCI417+CSCI419
231000360,ECE315+ECE338+ECE345+ECE346+ECE355
231000363,AIS302+AIS323+CSCI451+CSCI461+CSCI467
231000365,ARC343+ARC353+ARC363+ARC477+ARUD356/CVL317
231000368,CSCI217+CSCI315+CSCI419+CSCI461
231000369,CSCI305+CSCI315+CSCI417+CSCI419+CSCI451+HUMA001/101 (Computer Lab)
231000375,CSCI305+CSCI315+CSCI417+CSCI419+CSCI461
231000377,MGMT402+MKTG303+NSCI103+OPMG303+OPMG304+OPMG401+OPMG406
231000380,AIS302+AIS323+AIS411+AIS431+CSCI315+CSCI451
231000383,ECE314+ECE315+ECE346
231000384,APBI304+APBI410+CBIO203+MATH102+MICR405+PHY102
231000386,CSCI415+CSCI467+CSCI482
231000387,AIS411+CSCI415+CSCI467+NSCI102+PHYS101C
231000388,MNG223+MNG232+MTH215
231000395,MNG223+MNG232+MNG241+MNG321+MNG363
231000399,CSCI305+CSCI315+CSCI417+CSCI419+CSCI461
231000401,BSAD401+MKTG302+MKTG303+MKTG307+MKTG401
231000402,CSCI315+CSCI417+CSCI419+CSCI461+NSCI102
231000403,MKTG302+MKTG303+MKTG305+MKTG307+MKTG401+OPMG301
231000405,CSCI205+HUMA001/101 (Room)+MATH111+PHYS101C
231000406,APBI101+APBI102+APBI305+APBI306+CBIO203+CBIO305+HUMA001/101 (Room)
231000409,IND323+IND324+IND325+IND331+IND333+IND356
231000410,AIS302+AIS323+AIS411+CSCI315+CSCI461+CSCI467
231000412,CSCI305+CSCI313+CSCI315+MATH301
231000413,MEC112+MTH113+MTH214+PHY111/PHYS001
231000415,ECE121+ECE151+ECE231+MTH215+MTH216
231000419,MKTG302+MKTG303+MKTG304+MKTG307+MKTG401
231000424,CSCI313+CSCI315+CSCI322+MATH203
231000427,CSCI305+CSCI315+CSCI417+CSCI419+CSCI461+HUMA102+MATH210
231000435,CHM111+IND252+MENG422+MNG223+SSCI201
231000440,ECE233+ECE314+ECE315+ECE335+ECE338+ECE424
231000441,ECE241+ECE252+ECE338+ECE345
231000443,ECE315+ECE338+ECE345+ECE346+ECE355
231000449,BSAD401+MKTG302+MKTG303+MKTG305+MKTG307+MKTG401
231000452,APBI305+APBI306+CBIO305+CBIO306
231000457,ECE315+ECE338+ECE345+ECE346+ECE355+ECE471
231000458,CSCI305+CSCI315+CSCI419+CSCI461+HUMA001/101 (Room)+NSCI102
231000459,ECE213+ECE233+ECE315+ECE338+ECE345+ECE346
231000460,BSAD401+MKTG302+MKTG303+MKTG304+MKTG307+NSCI103+SSCI102
231000461,APBI305+APBI306+APBI410+CBIO305+CBIO306+CBIO409+MICR405
231000470,AIS302+AIS323+AIS431+CSCI315+CSCI461+CSCI465+CSCI467
231000473,MNG321+MNG333+MNG335+MNG336+MNG363+MNG372
231000474,ECE233+ECE315+ECE338+ECE345+ECE355
231000476,CHM111+CVL315+CVL361+CVL411+CVL412+CVL441+CVL451
231000477,ECE252+ECE315+ECE338+ECE345+ECE355+ECE471
231000482,ECE121+INT121+MTH215+MTH217
231000483,ECE315+ECE338+ECE345+ECE346+ECE355
231000489,AIS302+AIS323+CSCI315+CSCI451+CSCI461+CSCI467
231000491,AIS302+AIS323+CSCI315+CSCI451+CSCI467+SSCI201
231000493,ECE213+ECE232+ECE233+ECE241+ECE338+MTH217
231000496,CSCI305+CSCI315+CSCI417+CSCI419+CSCI461
231000502,CSCI207+HUMA102+PHYS101C
231000508,ECE315+ECE345+ECE346+ECE355
231000509,IENG345+IND242+IND252+IND323+IND324+IND333
231000512,BSAD401+MGMT402+MKTG303+OPMG304+OPMG401+OPMG406
231000514,CSCI305+CSCI315+CSCI417+CSCI419+CSCI451+SSCI102
231000516,ARC343+ARC353+ARC363+ARC477+ARUD356/CVL317
231000517,CSCI305+CSCI311+CSCI313+CSCI322+CSCI419+MATH210
231000521,CSCI305+CSCI315+CSCI417+CSCI419+HUMA102+MATH301
231000523,INT121+PHY111/PHYS001
231000524,CSCI305+CSCI315+CSCI417+CSCI419+CSCI461+HUMA102+MATH210
231000525,CSCI207+MATH112I+MATH113/MATH211+PHYS101C
231000530,ARC251+ARC262+ARC343+ARUD356/CVL317
231000531,MNG321+MNG333+MNG335+MNG336+MNG363+MNG372
231000541,MGMT402+MKTG303+MOIT301+OPMG304+OPMG406
231000542,MGMT402+MKTG303+MOIT301+OPMG303+OPMG304+OPMG406
231000546,CSCI305+CSCI315+CSCI417+CSCI419+CSCI461+SSCI102
231000547,CSCI305+CSCI315+CSCI417+CSCI419
231000554,CSCI305+CSCI315+CSCI417+CSCI419+CSCI461
231000555,ACCT301+ACCT303+FINC406
231000557,MNG223+MNG271+MTH215
231000560,ECE315+ECE338+ECE345+ECE346+ECE355
231000562,CSCI305+CSCI315+CSCI417+CSCI419+CSCI461
231000566,BSAD401+FINC305+MKTG302+MKTG303+MKTG307+MKTG401
231000567,AIS302+CSCI315+CSCI451+CSCI461+CSCI467
231000568,CSCI305+CSCI315+CSCI415+CSCI417+CSCI461+HUMA001/101 (Room)
231000571,CSCI305+CSCI315+CSCI417+CSCI419+CSCI461
231000572,CSCI305+CSCI315+CSCI417+CSCI419+CSCI461
231000573,AIS302+AIS323+CSCI315+CSCI451+CSCI461+CSCI467+SSCI201
231000574,CSCI305+CSCI315+CSCI417+CSCI419+CSCI461+HUMA001/101 (Room)
231000576,ECE315+ECE338+ECE345+ECE346+ECE355
231000577,ACCT201+ECE314+ECE315+ECE335+ECE338+ECE346+FINC301
231000578,ACCT303+BSAD401+MGMT402+OPMG304+OPMG401+OPMG406
231000582,CSCI208+MATH113/MATH211+MATH201+PHYS101C
231000583,ECE252+ECE315+ECE338+ECE345+ECE346+MTH216
231000587,CSCI305+CSCI315+CSCI417+CSCI461
231000591,ECE213+ECE315+ECE338+ECE345+ECE346+ECE355
231000592,MATH203+MATH301
231000594,ACCT303+FINC407+FINC408+HUMA102+NSCI103
231000596,CBIO305+CBIO306+CBIO312+CBIO313+CBIO314
231000600,ECE315+ECE338+ECE345+ECE346+ECE355+ECE471
231000603,ECE213+ECE252+ECE315+ECE338+ECE345+ECE355
231000604,CSCI305+CSCI315+CSCI417+CSCI419+CSCI461
231000605,CSCI305+CSCI311+CSCI461
231000611,MKTG303+OPMG304+OPMG401+OPMG406
231000613,APBI305+APBI306+CBIO305+CBIO306+HUMA001/101 (Room)
231000614,AIS302+AIS323+CSCI315+CSCI451+CSCI461+CSCI467
231000615,CSCI305+CSCI315+CSCI417+CSCI419+CSCI461+HUMA102+SSCI102
231000616,CSCI305+CSCI315+CSCI417+CSCI419+CSCI461
231000617,CSCE101B+ECON201+OPMG301
231000619,CSCI305+CSCI315+CSCI419+MATH210+NSCI102
231000620,AIS302+AIS323+CSCI305+CSCI313+CSCI315+CSCI451
231000621,CSCI305+CSCI315+CSCI417+CSCI419+CSCI461
231000625,BMD212+CSCI417+CSCI419+CSCI461+MATH303+SSCI201
231000626,ECE232+ECE315+ECE335+ECE338+ECE346+ECEN456
231000627,MNG223+MNG232+MNG241+MNG321+MNG333+MNG363
231000634,BMD303+BMD407+BMD409+CSCI417+CSCI419+MATH303
231000635,CSCI305+CSCI315+CSCI417+CSCI419
231000636,CSCI305+CSCI315+CSCI417+CSCI419+MATH301
231000644,CSCI313+CSCI315+CSCI417+CSCI461+HUMA001/101 (Computer Lab)
231000645,ARC222+ARC262+CVL213
231000646,CSCI305+CSCI315+CSCI417+CSCI419+CSCI461+MATH210
231000647,MKTG302+MKTG303+MKTG304+MKTG305+MKTG307+MKTG401
231000649,BMD303+CSCI205+CSCI207+CSCI212/CSCI221
231000650,AIS302+AIS323+AIS431+CSCI315+CSCI461+CSCI467
231000654,AIS302+CSCI305+CSCI315+CSCI417
231000658,MKTG303+MKTG305+SSCI102
231000660,CBIO305+CBIO306+CBIO312+CBIO313+CBIO314+CBIO409
231000661,CSCI305+CSCI315+CSCI417+CSCI419+MATH301
231000662,BSAD401+MGMT402+MKTG303+OPMG304+OPMG401+OPMG406
231000665,BSAD401+MKTG303+OPMG304+OPMG401+OPMG406+OPMG420
231000667,CVL315+CVL334+CVL411+CVL432+CVL441+CVL451
231000669,AIS201+CSCI208+CSCI451+CSCI461
231000674,CSCI305+CSCI315+CSCI417+CSCI451+MATH301
231000677,CSCI305+CSCI315+CSCI417+CSCI419+CSCI461+NSCI102
231000678,BMD303+BMD407+BMD409+CSCI417+CSCI419+MATH303
231000679,CSCI305+CSCI315+CSCI417+CSCI419+CSCI461+MATH210+SSCI102
231000681,CSCI208+CSCI217+MATH203
231000682,CSCI305+CSCI315+CSCI417+CSCI461+MATH210
231000685,BMD303+BMD407+BMD409+CSCI417+CSCI419+MATH303
231000686,CSCI207+MATH201
231000687,CSCI315+CSCI417+CSCI419+CSCI451+CSCI461
231000689,APBI101+BIO205+BIO206+CBIO203+MICR202
231000690,APBI101+APBI410+BIO206+CBIO203+MICR202
231000695,APBI410+BIO205+BIO206+CBIO203+MATH103B+MICR202
231000697,CSCI305+CSCI315+CSCI417+CSCI419+CSCI461+NSCI102
231000704,CSCI305+CSCI315+CSCI417+CSCI419+CSCI461
231000705,CSCI305+CSCI313+CSCI315+CSCI417+CSCI419+CSCI451+ECEN101C
231000707,CSC101/CSC111+CSCI205+MATH111
231000710,MNG321+MNG333+MNG335+MNG336+MNG363+MNG372
231000711,CSCI305+CSCI315+CSCI417+CSCI419+MATH301
231000713,CSCI305+CSCI315+CSCI451+HUMA102+MATH301
231000714,MNG232+MNG321+MNG333+MNG363+MNG372+MTH113
231000718,CSCI305+CSCI315+CSCI419+CSCI461+MATH301
231000719,CSCI305+CSCI315+CSCI417+CSCI419+CSCI461+NSCI102
231000722,ECE314+ECE315+ECE335+ECE338+ECE346
231000723,CSCI305+CSCI315+CSCI417+NSCI102
231000724,MNG321+MNG333+MNG335+MNG336+MNG363+MNG372
231000729,AIS302+AIS323+CSCI305+CSCI313+CSCI315+CSCI467
231000730,ECE314+ECE315+ECE335+ECE338+ECE346
231000733,CSCI305+CSCI311+CSCI313+CSCI322+CSCI419
231000739,APBI305+APBI306+CBIO305+CBIO306+MICR405
231000741,CSCI305+CSCI315+CSCI419+CSCI461+HUMA001/101 (Room)+NSCI102
231000746,CSCI212/CSCI221+CSCI305+CSCI313+CSCI417
231000751,CSCI305+CSCI315+CSCI417+CSCI419+CSCI461+MATH210
231000755,CSCI305+CSCI315+CSCI417+CSCI419+CSCI451+CSCI461+NSCI102
231000758,ECE252+ECE315+ECE338+ECE345+ECE346+ECE355
231000762,CSCI305+CSCI315+CSCI417+CSCI419+CSCI461
231000764,AIS302+AIS323+CSCI315+CSCI451+CSCI461+CSCI467+SSCI201
231000765,AIS302+AIS323+CSCI315+CSCI451+CSCI461+CSCI467+SSCI201
231000766,ACCT303+BSAD401+MGMT402+MOIT301+OPMG401
231000770,CBIO305+CBIO306+CBIO312+CBIO313+CBIO314
231000772,APBI305+APBI306+CBIO305+CBIO306
231000774,AIS302+AIS323+CSCI315+CSCI451+CSCI461+CSCI467
231000775,ACCT202+FINC301+OPMG302
231000777,APBI102+APBI305+APBI306+CBIO305+CBIO306
231000778,CSCI305+CSCI315+CSCI417+CSCI419+CSCI461+NSCI102
231000779,APBI102+APBI305+APBI306+CBIO305+CBIO306+MATH204
231000780,APBI305+APBI306+APBI410+CBIO305+CBIO306+CBIO409+MICR405
231000783,ECE315+ECE338+ECE345+ECE346+ECE355
231000786,CSCI305+CSCI315+CSCI417+CSCI419+CSCI461
231000789,ECE315+ECE338+ECE345+ECE355+ECE471
231000791,ACCT301+ACCT303+FINC302+FINC406
231000792,CSCI305+CSCI315+CSCI417+CSCI419+CSCI451+NSCI102
231000793,AIS302+AIS323+CSCI315+CSCI451+CSCI461+CSCI467
231000796,CVL315+CVL334+CVL411+CVL432+CVL441+CVL451
231000797,CSCI305+CSCI315+CSCI417+CSCI419+CSCI461
231000798,CSCI305+CSCI315+CSCI417+CSCI419+CSCI461+NSCI102
231000799,MNG321+MNG333+MNG335+MNG336+MNG363+MNG372
231000802,CSCI305+CSCI315+CSCI417+CSCI419+CSCI461
231000803,ACCT202+ECON201+MOIT301+OPMG302+SSCI102
231000809,APBI410+MATH103B+SSCI201
231000810,CSCI305+CSCI315+CSCI417+CSCI419+CSCI461
231000811,BSAD401+BSAD420+MKTG303+OPMG304+OPMG401+OPMG406
231000813,APBI305+APBI306+CBIO305+CBIO306+MICR405
231000814,ECE314+ECE315+ECE335+ECE338+ECE346
231000817,ECE315+ECE338+ECE345+ECE346+ECE355+ECE471
231000818,BMD303+CSCI417+CSCI451+CSCI461+SSCI201
231000821,APBI305+APBI306+CBIO305+CBIO306
231000822,APBI101+APBI102+APBI305+APBI306+CBIO305+CBIO306+MICR405
231000826,CSCI305+CSCI315+CSCI417+CSCI419+CSCI461+MATH210
231000832,APBI101+APBI102+CBIO203+MATH204+MICR202
231000834,AIS302+AIS323+CSCI315+CSCI451+CSCI461+CSCI467
231000838,BSAD401+MKTG302+MKTG303+MKTG304+MKTG307
231000839,MOIT301+NSCI102
231000842,CSCI305+CSCI315+CSCI417+CSCI461+MATH210
231000843,APBI102+CBIO203+CBIO204+MATH102+MICR202
231000844,CSCI305+CSCI315+CSCI417+CSCI419+CSCI461+MATH210
231000845,ECE314+ECE315+ECE335+ECE338+ECE346
231000847,AIS302+AIS323+CSCI315+CSCI451+CSCI461+MATH203I
231000848,AIS302+AIS323+CSCI315+CSCI451+CSCI461+CSCI467
231000853,CSCI305+CSCI417+CSCI461+ECEN101C+MATH112
231000854,CSCI305+CSCI315+CSCI419+CSCI461
231000856,CSCI305+CSCI315+CSCI417+CSCI419+MATH301
231000857,CSCI305+CSCI315+CSCI417+CSCI451+MATH301
231000861,AIS302+AIS323+CSCI315+CSCI451+CSCI461+CSCI467+SSCI201
231000866,CSCI207+CSCI212/CSCI221+MATH111+MATH201
231000870,ECE315+ECE338+ECE345+ECE346+ECE355+ECE471
231000873,CSCI305+CSCI315+CSCI322+CSCI419
231000875,MATH201+NSCI102
231000878,CSCI208+CSCI212/CSCI221+CSCI217+MATH112
231000880,APBI305+APBI306+APBI410+CBIO305+CBIO306+CBIO409+MICR405
231000882,ECE346+ECE471+MTH216+MTH217
231000883,ARC343+ARC353+ARC363+ARC477+ARUD356/CVL317
231000884,MNG321+MNG333+MNG335+MNG336+MNG363+MNG372
231000893,CSCI305+CSCI315+CSCI417+CSCI419+CSCI461+HUMA102+MATH210
231000894,CSCI305+CSCI315+CSCI417+CSCI419+CSCI461+SSCI102
231000895,MTH112+MTH214+PHY111
231000897,AIS302+AIS323+CSCI315+CSCI451+CSCI461+CSCI467
231000899,BMD303+BMD407+BMD409+CSCI417+CSCI419+MATH303
231000900,CSCI305+CSCI313+CSCI315+CSCI417+CSCI461+MATH210
231000910,CSCI305+CSCI315+CSCI417+CSCI419+CSCI461
231000912,CSCI305+CSCI311+CSCI417+CSCI419
231000913,MGMT402+NSCI102+OPMG405
231000915,AIS302+AIS323+CSCI315+CSCI451+CSCI461+CSCI467
231000917,APBI305+APBI306+CBIO305+CBIO306
231000920,CSCI305+CSCI315+CSCI417+CSCI419+CSCI461+MATH112
231000929,BSAD401+MKTG302+MKTG303+MKTG307+MKTG401+OPMG302
231000932,ECE315+ECE338+ECE345+ECE346+ECE355
231000933,APBI305+APBI306+CBIO305+CBIO306+MICR405
231000934,APBI304+APBI305+APBI306+CBIO305+CBIO306+MATH204
231000936,BMD303+BMD407+BMD409+CSCI417+CSCI419+MATH303
231000937,BIO205+BIO206+CBIO203+CBIO313+MICR405
231000939,AIS302+AIS323+CSCI315+CSCI451+CSCI461+CSCI467+SSCI201
231000940,CSCI305+CSCI315+CSCI417+CSCI419+CSCI461
231000941,AIS302+AIS323+CSCI315+CSCI451+CSCI461+CSCI467
231000943,CSCI305+CSCI315+CSCI419+CSCI461+HUMA102+MATH210
231000947,APBI305+APBI306+CBIO305+CBIO306+MICR405
231000949,MNG321+MNG333+MNG335+MNG336+MNG363+MNG372
231000951,BIO206+CBIO312+CBIO313+CBIO314
231000957,AIS302+AIS323+CSCI305+CSCI313+CSCI315+CSCI467
231000958,CSCI305+CSCI315+CSCI417+CSCI419+CSCI461
231000962,CSCI112+CSCI205+MATH112+PHYS101C
231000965,ACCT301+ACCT303+FINC302+FINC408
231000967,CSCI305+CSCI315+CSCI415+CSCI417+CSCI465
231000968,CSCI305+CSCI315+CSCI417+CSCI419+CSCI451+NSCI102
231000971,MNG321+MNG333+MNG335+MNG336+MNG363+MNG372
231000976,ECE315+ECE338+ECE345+ECE346+ECE355
231000979,ECE315+ECE338+ECE345+ECE346+ECE355
231000980,CSCI305+CSCI315+CSCI419+CSCI461+SSCI102
231000987,MNG321+MNG333+MNG335+MNG336+MNG363+MNG372
231000991,ECE315+ECE338+ECE345+ECE355
231000993,AIS302+AIS323+CSCI208+CSCI315+CSCI451+CSCI467
231000995,CSCI305+CSCI315+CSCI417+CSCI419+MATH210+SSCI102
231000999,CSCI305+CSCI315+CSCI417+CSCI419+CSCI461+SSCI102
231001000,CSCI305+CSCI451+CSCI482
231001007,APBI305+APBI306+CBIO305+CBIO306
231001008,ACCT202+MOIT301+NSCI102
231001011,MNG321+MNG333+MNG335+MNG336+MNG363+MNG372
231001012,BSAD401+MKTG302+MKTG303+MKTG304+MKTG307
231001015,BMD303+BMD407+BMD409+CSCI417+CSCI419+MATH303
231001025,CSCI305+CSCI315+CSCI419+CSCI461+MATH210+NSCI102
231001030,CSCI305+CSCI315+CSCI419+CSCI451+MATH210
231001032,ECE232+ECE314+ECE315+ECE335+ECE338+ECE346
231001035,ACCT301+FINC302+FINC407
231001039,BMD303+BMD407+CSCI417+CSCI419+CSCI461+MATH303
231001040,CSCI305+CSCI315+CSCI417+CSCI419+CSCI461
231001044,CSCI305+CSCI315+CSCI417+CSCI419+CSCI461+HUMA102+MATH210
231001046,CSCI305+CSCI315+CSCI417+CSCI419+NSCI102+SSCI102
231001048,CSCI205+CSCI208+CSCI305+CSCI313+MATH201
231001049,ECE213+ECE231+ECE314+ECE338+ECE346
231001052,CSCI305+CSCI315+CSCI417+CSCI419+CSCI461+MATH210
231001055,CSCI305+CSCI315+CSCI417+CSCI419+CSCI461+MATH210+SSCI102
231001057,CSCI315+CSCI417+CSCI419+CSCI461+MATH301
231001058,BSAD401+FINC302+FINC408
231001062,CVL315+CVL361+CVL411+CVL412+CVL441+CVL451
231001064,ECE314+ECE315+ECE335+ECE338+ECE346
231001069,ECE314+ECE315+ECE335+ECE338+ECE346
231001070,ECE213+ECE232+ECE314+ECE315+ECE335+ECE338
231001071,BIO205+CBIO203+CBIO305+CBIO312+CBIO313+MICR202
231001074,BSAD401+ECON201+MKTG302+MKTG303+MKTG304+MKTG307
231001075,CSCI313+CSCI315+CSCI417+MATH210+SSCI102
231001076,MNG321+MNG333+MNG335+MNG336+MNG363+MNG372
231001078,MNG321+MNG333+MNG335+MNG336+MNG363+MNG372
231001081,BMD303+BMD407+BMD409+CSCI417+CSCI419+MATH303
231001085,CSCI112+CSCI205+MATH111I+PHYS101C
231001086,CSCI305+CSCI315+CSCI417+CSCI461+MATH210
231001088,CSCI305+CSCI315+CSCI417+CSCI419+CSCI461
231001089,BMD303+BMD407+BMD409+CSCI417+CSCI419+MATH303
231001096,CSCI305+CSCI315+CSCI419+CSCI451+SSCI102
231001097,CSCI208+ECE252+ECE315+ECE338+ECE355+ECE471
231001098,CSCI305+CSCI315+CSCI417+CSCI419+CSCI461+HUMA102+NSCI102
231001102,ECE314+ECE315+ECE335+ECE338+ECE346
231001109,ECE314+ECE315+ECE335+ECE346+ECEN473
231001111,CSCI305+CSCI313+CSCI417+CSCI419+CSCI461
231001113,APBI305+APBI306+APBI410+CBIO305+CBIO306+CBIO409+MICR405
231001114,CSCI305+CSCI417+CSCI419+NSCI102
231001117,CSCI305+CSCI315+CSCI417+CSCI419+HUMA001/101 (Room)+HUMA102+SSCI102
231001118,BMD303+BMD407+BMD409+CSCI417+CSCI419+MATH303
231001119,AIS302+AIS323+CSCI315+CSCI451+CSCI461+CSCI467+SSCI201
231001120,CSCI305+CSCI315+CSCI417+CSCI419+CSCI461+NSCI102
231001121,ACCT301+FINC302+FINC408
231001122,CSCI305+CSCI315+CSCI419+CSCI461
231001124,CSCI217+MATH113/MATH211+MATH201
231001125,ECE314+ECE315+ECE335+ECE338+ECE346
231001126,CSCI305+CSCI315+CSCI419+CSCI461+MATH113/MATH211
231001127,ACCT303+MKTG303+OPMG304+OPMG401+OPMG406
231001128,MGMT402+MOIT301+NSCI102+OPMG304+OPMG406
231001130,APBI305+APBI306+CBIO305+CBIO306+MICR405
231001131,CSCI305+CSCI315+CSCI417+CSCI419+CSCI451+MATH210
231001132,MKTG302+MKTG303+MKTG304+MKTG305+MKTG307+MKTG401
231001137,AIS302+AIS323+CSCI315+CSCI451+CSCI461+CSCI467+SSCI201
231001144,ACCT202+BSAD401+MGMT402+NSCI102+OPMG302
231001145,MNG321+MNG333+MNG335+MNG336+MNG363+MNG372
231001146,CSCI205+CSCI305+CSCI315+CSCI417+CSCI419+CSCI461
231001151,AIS201+CSCI305+CSCI313+CSCI315+CSCI417+CSCI451
231001155,BSAD401+MKTG302+MKTG303+MKTG307+MKTG401
231001160,ACCT202+OPMG302+SSCI102
231001161,CSCI305+CSCI315+CSCI419+CSCI461
231001166,CSCI305+CSCI313+CSCI315+CSCI419
231001168,CSCI305+CSCI315+CSCI419+CSCI461+MATH210+SSCI102
231001170,BMD303+BMD407+BMD409+CSCI417+CSCI419+HUMA001/101 (Room)+MATH303
231001177,ACCT301+BSAD401+FINC301+NSCI103+OPMG301+OPMG405
231001178,BSAD401+MGMT402+MKTG303+OPMG304+OPMG401+OPMG406
231001179,CSCI217+CSCI311+CSCI322+MATH203
231001181,CSCI305+CSCI419+CSCI461+HUMA102+MATH301+SSCI102
231001183,ECE213+ECE241+ECE315
231001184,ECE252+ECE338+ECE345+ECE346+ECE355+MTH216
231001185,ECE314+ECE315+ECE335+ECE338+ECE346
231001189,CBIO203+MICR202
231001190,APBI101+APBI305+APBI306+CBIO305+CBIO306
231001194,BMD303+BMD407+BMD409+CSCI417+CSCI419+MATH303
231001196,APBI305+APBI306+CBIO305+CBIO306
231001198,CSCI305+CSCI315+CSCI417+CSCI419+CSCI461+HUMA102+MATH210
231001200,APBI102+APBI305+APBI306+CBIO305+CBIO306
231001201,MNG321+MNG333+MNG335+MNG336+MNG363+MNG372
231001203,CSCI305+CSCI315+CSCI417+CSCI419+CSCI451
231001205,MNG241+MNG321+MNG333+MNG335+MNG336+MNG363+MNG372
231001207,APBI101+APBI305+APBI306+CBIO305+CBIO306+CBIO313
231001209,CSCI305+CSCI315+CSCI417+CSCI419+CSCI461
231001211,APBI305+APBI306+CBIO305+MATH102
231001212,CSCI305+CSCI315+CSCI417+CSCI419+CSCI451
231001214,APBI305+APBI306+CBIO305+CBIO306
231001215,CSCI305+CSCI315+CSCI417+CSCI419+CSCI461+NSCI102
231001217,CSCI217+MATH112+MATH113/MATH211+MATH201
231001218,CBIO305+CBIO306+CBIO312+CBIO313+CBIO314
231001220,APBI102+APBI305+APBI306+CBIO305+CBIO306+MATH204
231001221,APBI305+APBI306+APBI410+CBIO305+CBIO306+CBIO409+MICR405
231001223,CSCI313+CSCI417+CSCI419+MATH303
231001227,CSCI311+CSCI322+CSCI417+NSCI102
231001228,CSCI305+CSCI315+CSCI417+CSCI419+CSCI461
231001229,BMD303+BMD407+BMD409+CSCI417+CSCI419+MATH303
231001231,CBIO305+CBIO306+CBIO312+CBIO313+CBIO314
231001233,ECE252+ECE315+ECE338+ECE345+ECE346+ECE355
231001234,CSCI305+CSCI315+CSCI417+CSCI419+CSCI461+HUMA102
231001242,CSCI305+CSCI315+CSCI417+CSCI419+HUMA102
231001243,CSCI305+CSCI315+CSCI417+CSCI419+CSCI461+SSCI102
231001245,APBI305+APBI306+APBI410+CBIO305+CBIO306+MICR405
231001246,APBI305+APBI306+CBIO305+CBIO306+MICR202
231001255,ECE315+ECE338+ECE345+ECE346+ECE355+MTH216
231001257,ACCT301+BSAD401+FINC406+FINC407
231001259,BMD303+BMD407+BMD409+CSCI417+CSCI419+MATH303
231001261,APBI102+APBI305+APBI306+CBIO305+CBIO306
231001262,MKTG302+MKTG303+MKTG307+MKTG401+MKTG470+NSCI103
231001263,CSCI305+CSCI419+MATH201+MATH203
231001268,MGMT402+MKTG303+NSCI102+OPMG304+OPMG406
231001277,CSCI305+CSCI315+CSCI417+CSCI419+CSCI461+HUMA001/101 (Room)
231001280,BMD303+BMD407+BMD409+CSCI417+CSCI419+MATH303
231001282,AIS302+AIS323+CSCI208+CSCI315+CSCI467+HUMA001/101 (Room)
231001283,CSCI315+CSCI415+CSCI417+CSCI461
231001285,APBI305+APBI306+CBIO305+CBIO306+MICR405
231001289,ARC262+ARC343+ARC477+ARUD356/CVL317
231001290,CSCI305+CSCI311+CSCI322+CSCI417+CSCI419+HUMA102+MATH210
231001296,AIS302+AIS323+CSCI315+CSCI451+CSCI461+CSCI467+SSCI201
231001297,CSCI305+CSCI315+CSCI417+CSCI419+CSCI461+MATH210
231001298,ECE315+ECE338+ECE345+ECE346+ECE355
231001301,ECE315+ECE338+ECE345+ECE346+ECE355+ECE471
231001303,ECE315+ECE338+ECE345+ECE346+ECE355+ECE471
231001306,AIS201+AIS302+AIS323+CSCI315+CSCI451+CSCI461+CSCI467
231001308,CSCI315+CSCI417+CSCI419+CSCI461+MATH301
231001310,CSCI305+CSCI315+CSCI417+CSCI419+CSCI461
231001311,BMD303+BMD407+BMD409+CSCI417+MATH303
231001317,CSCI305+CSCI315+CSCI417+CSCI419+CSCI461
231001322,CSCI305+CSCI315+CSCI419+CSCI461+MATH301
231001331,AIS302+AIS323+CSCI315+CSCI451+CSCI467
231001334,CSCI305+CSCI315+CSCI417+CSCI419+CSCI461
231001339,CSCI305+CSCI313+CSCI315+CSCI417
231001343,BMD303+BMD407+BMD409+CSCI417+CSCI419+MATH303
231001347,APBI410+CBIO204+CBIO305+CBIO312+MATH102
231001348,BSAD401+FINC305+MGMT402
231001350,APBI305+APBI306+CBIO305+CBIO306
231001352,BMD303+BMD409+CSCI305+CSCI313+MATH301I+MATH303
231001353,NSCI102
231001355,APBI305+APBI306+CBIO305+CBIO306+HUMA001/101 (Room)+MICR405
231001357,MNG321+MNG333+MNG335+MNG336+MNG363+MNG372
231001369,CSCI305+CSCI315+CSCI417+CSCI419+CSCI461+NSCI102+SSCI102
231001372,CSCI208+CSCI311+MATH112+MATH201
231001373,AIS302+AIS323+CSCI315+CSCI451+CSCI461+CSCI467+HUMA001/101 (Computer Lab)
231001377,CVL231+CVL321+INT121+MEC111
231001378,ECE231+ECE252+ECE338+ECE345
231001383,ECE338+ECE345+ECE346+ECE355+ECE471
231001386,IND212+IND242+IND252+MEC111
231001387,CSCI305+CSCI315+CSCI322+CSCI417+CSCI419
231001388,CSCI315+CSCI322+CSCI417+CSCI419+MATH203+NSCI102
231001391,ACCT201+MGMT303+OPMG302
231001397,AIS302+AIS323+CSCI315+CSCI451+CSCI461+CSCI467+HUMA001/101 (Computer Lab)
231001398,CSCI305+CSCI315+CSCI417+CSCI419+CSCI461+HUMA001/101 (Room)+NSCI102
231001399,CSCI305+CSCI315+CSCI461+MATH301
231001401,ECE233+ECE314+ECE315+ECE335+ECE338+ECE346
231001403,BIO206+CBIO203+CBIO312+CBIO313
231001404,AIS302+AIS323+CSCI315+CSCI451+CSCI461+CSCI467
231001405,MNG232+MNG321+MNG333+MNG363+MNG372
231001406,ECE315+ECE338+ECE345+ECE355+MTH216
231001407,CBIO305+CBIO306+CBIO312+CBIO313+CBIO314+CBIO409
231001409,CSCI305+CSCI315+CSCI419+CSCI461+SSCI102
231001414,BSAD401+MGMT402+MKTG303+OPMG303+OPMG304+OPMG401
231001417,CSCI305+CSCI315+CSCI417+CSCI461+MATH203
231001424,CSCI305+CSCI315+CSCI417+CSCI419+CSCI461+HUMA001/101 (Room)
231001426,AIS421+AIS431+AIS477+CSCI465+SSCI201
231001427,CSCI305+CSCI315+CSCI417+CSCI419
231001428,ECE315+ECE338+ECE345+ECE346+ECE355+ECE471
231001435,CSCI305+CSCI315+CSCI417+CSCI419+CSCI461
231001438,AIS302+AIS323+CSCI305+CSCI315+CSCI451+MATH203I
231001441,BSAD401+MGMT402+MKTG303+OPMG304+OPMG406
231001442,BSAD401+MGMT402+MKTG303+OPMG304+OPMG401+OPMG406
231001447,CSCI112+CSCI205+MATH100+PHYS101C
231001452,CSCI305+CSCI315+CSCI417+CSCI419+SSCI102
231001454,CSCI305+CSCI315+CSCI417+CSCI419+CSCI461
231001460,APBI102+APBI305+APBI306+CBIO203+CBIO305+MICR405
231001462,CSCI305+CSCI315+CSCI451+HUMA102+MATH301
231001467,APBI305+APBI306+APBI410+CBIO305+CBIO306
231001474,APBI101+APBI304+CBIO305+MICR202
231001477,ECE315+ECE338+ECE345+ECE346+ECE355
231001481,CSCI208+CSCI305+CSCI315+CSCI451+HUMA102+NSCI102
231001484,CSCI305+CSCI315+CSCI417+CSCI419+CSCI461+HUMA001/101 (Room)+MATH210
231001486,AIS201+CSCI305+CSCI315+CSCI451
231001487,APBI305+APBI306+CBIO305+CBIO306
231001488,CSCI217+CSCI315+CSCI419+MATH210
231001492,ECE315+ECE338+ECE345+ECE346+ECE355
231001493,CSCI305+CSCI315+CSCI417+CSCI419+CSCI461+MATH301
231001495,IND323+IND324+IND325+IND331+IND333+IND356
231001497,CSCI305+CSCI315+CSCI415+CSCI417+CSCI461+HUMA001/101 (Room)
231001500,CSCI305+CSCI315+CSCI419+CSCI461
231001502,CSCI305+CSCI315+CSCI417+CSCI419+CSCI461+HUMA102
231001507,APBI305+APBI306+CBIO305+CBIO306
231001509,ECE315+ECE338+ECE345+ECE355+ECE471
231001513,CSCI208+ECE315+ECE338+ECE355+ECE424+ECEN456
231001514,BIO205+BIO206+MATH204
231001524,CSCI207+ECEN101C+MATH113/MATH211+MATH201
231001525,CSCI305+CSCI315+CSCI419+CSCI461+HUMA102+MATH210+NSCI102
231001526,BMD303+BMD407+BMD409+CSCI417+CSCI419+MATH303
231001529,APBI102+APBI305+APBI306+CBIO305+CBIO306
231001530,CSCI305+CSCI315+CSCI419+CSCI461+MATH210
231001531,CSCI305+CSCI315+CSCI417+CSCI419+CSCI451
231001533,ECE314+ECE315+ECE335+ECE338+ECE346
231001536,BSAD401+MGMT402+MKTG303+OPMG304+OPMG420+SSCI102
231001537,CSCI305+CSCI315+CSCI417
231001540,APBI101+CHM102
231001541,APBI305+APBI306+CBIO305+CBIO306
231001543,ACCT301+BSAD401+FINC302+FINC407
231001544,CSCI305+CSCI315+CSCI417+CSCI419+CSCI451+CSCI461+NSCI102
231001547,ECE315+ECE338+ECE345+ECE346+ECE355
231001550,CSCI305+CSCI315+CSCI419+MATH201
231001552,MEC111+PHY111/PHYS001
231001556,CSCI305+CSCI315+CSCI419+CSCI461+MATH301
231001560,CSCI313+CSCI315+CSCI419+CSCI451+MATH301
231001561,CSCI315+CSCI467+CSCI482+NSCI102
231001563,CSCI305+CSCI315+CSCI417+CSCI419+CSCI461+HUMA102
231001564,ECE231+ECE314+ECE315+ECE335+ECE338
231001566,MNG321+MNG333+MNG335+MNG336+MNG363+MNG372
231001567,ECE314+ECE315+ECE335+ECE338+ECE346
231001569,MNG321+MNG333+MNG335+MNG336+MNG363+MNG372
231001571,ACCT201+CSCI305+CSCI415+CSCI417+CSCI419+HUMA001/101 (Room)+MATH301
231001576,ARC343+ARC353+ARC363+ARC477+ARUD356/CVL317
231001577,CSCI305+CSCI315+CSCI417+CSCI419+HUMA102+SSCI102
231001578,APBI305+APBI306+CBIO203+CBIO305
231001580,APBI101+BIO205+BIO206+MICR202
231001581,CBIO305+CBIO306+CBIO312+CBIO313+CBIO314+MATH204
231001582,APBI102+APBI305+APBI306+CBIO305+CBIO306
231001583,BSAD401+MGMT402+MKTG303+OPMG304+OPMG401+OPMG406
231001588,CSCI305+CSCI315+CSCI417+CSCI419+CSCI461+NSCI102
231001589,MNG321+MNG333+MNG335+MNG336+MNG363+MNG372
231001590,CSCI305+CSCI315+CSCI417+CSCI419+CSCI461+MATH210
231001591,CSCI305+CSCI315+CSCI417+CSCI419+CSCI461+HUMA001/101 (Computer Lab)
231001593,ECE314+ECE315+ECE335+ECE338+ECE346
231001594,ACCT201+ECON201+NSCI102
231001595,CSCI305+CSCI315+CSCI417+CSCI419+CSCI461
231001599,BMD303+BMD407+BMD409+CSCI417+CSCI419+MATH303
231001602,CSCI305+CSCI315+CSCI415+CSCI417+CSCI451
231001605,ACCT303+MKTG303+OPMG304+OPMG401+OPMG406
231001606,IND323+IND324+IND325+IND331+IND333+IND356
231001607,CSCI305+CSCI315+CSCI419+CSCI461+MATH210
231001609,ECE121+MTH112+MTH214
231001615,ECE232+ECE241+MTH217
231001617,MKTG302+MKTG303+MKTG304+MKTG305+MKTG307+MKTG401
231001618,ECE315+ECE338+ECE345+ECE346+ECE355+ECE471
231001619,CSCI465+ECE315+ECE345+ECE346+ECE355+ECE471
231001620,BMD303+BMD407+BMD409+CSCI417+CSCI419+MATH303
231001623,CSCI305+CSCI313+CSCI315+SSCI102
231001624,CSCI212/CSCI221+HUMA001/101 (Computer Lab)+HUMA102
231001625,CSCI305+CSCI419+CSCI461+ECEN101C
231001628,CSCI322+ECE338+ECE345+ECE355+ECE471
231001629,ECE315+ECE338+ECE345+ECE346+ECE355+ECE471
231001631,CSCI305+CSCI315+CSCI417+CSCI419+CSCI451
231001632,MNG232+MNG333+MNG372+MNG373+MNG382+MNG386
231001639,CSCI305+CSCI315+CSCI417+CSCI419+CSCI451+MATH301
231001643,APBI102+APBI305+APBI306+CBIO305+CBIO306+MATH204
231001645,ECE232+ECE314+ECE315+ECE335+ECE338+ECE346
231001648,AIS201+CSCI305+CSCI313+MATH112I
231001649,CSCI305+CSCI311+CSCI313+CSCI417+CSCI419+CSCI461
231001650,BMD303+CSCI417+CSCI419+CSCI461+HUMA001/101 (Room)+MATH303+SSCI201
231001651,CSCI207+MATH112+PHYS101C+SSCI102
231001653,CSCI305+CSCI315+CSCI417+CSCI451+CSCI461+HUMA001/101 (Room)+SSCI102
231001654,BMD303+BMD407+CSCI417+CSCI419+CSCI461+MATH303
231001655,APBI305+APBI306+CBIO305+CBIO306+MATH204
231001656,CSCI305+CSCI315+CSCI417+CSCI419+CSCI451
231001661,BMD303+BMD407+BMD409+CSCI417+CSCI419+MATH201
231001663,ECE315+ECE338+ECE345+ECE346+ECE355+ECE471
231001665,FINC301+MOIT301+OPMG302+SSCI102
231001666,MKTG302+MKTG303+MKTG307+MKTG401+MKTG470+NSCI103
231001667,MNG321+MNG333+MNG335+MNG336+MNG363+MNG372
231001669,ECE232+ECE314+ECE315+ECE335+ECE338
231001670,APBI305+APBI306+CBIO305+MATH102
231001672,MNG321+MNG333+MNG335+MNG336+MNG363+MNG372
231001677,CSCI305+CSCI315+CSCI419+ECEN101C+NSCI102
231001678,BIO205+BIO206+MATH102+MICR202
231001680,ACCT301+FINC302+FINC305
231001684,APBI102+APBI305+APBI306+CBIO305+CBIO306+MATH204
231001686,AIS302+CSCI315+CSCI451+CSCI461+CSCI467
231001688,CSCI305+CSCI315+CSCI417+CSCI419+CSCI461+HUMA102
231001693,CSCI305+CSCI315+CSCI417+CSCI419+MATH210
231001696,CSCI208+ECE252+ECE315+ECE338+ECE355+ECE471
231001704,ECE121+MTH217+PHY112
231001706,BMD303+BMD407+CSCI417+CSCI419+CSCI461+MATH303
231001708,BMD303+BMD407+BMD409+CSCI417+CSCI419+MATH301I+MATH303
231001712,CSCI305+CSCI315+CSCI417+CSCI419+CSCI461+HUMA102
231001716,ACCT301+FINC302+NSCI103+OPMG405
231001718,ACCT303+MKTG303+OPMG304+OPMG401+OPMG406
231001720,ECE314+ECE315+ECE335+ECE338+ECE346
231001721,ECE315+ECE338+ECE345+ECE346+ECE355
231001722,ECE315+ECE338+ECE345+ECE355+ECE471
231001723,BSAD401+MKTG302+MKTG303+MKTG304+MKTG307
231001725,BIO206+CBIO203+CBIO312+CBIO313
231001726,APBI101+APBI102+APBI410+BIO206+MICR202+MICR405
231001730,CSCI305+CSCI315+CSCI417+CSCI419+CSCI461+NSCI102
231001732,MNG321+MNG333+MNG335+MNG336+MNG363+MNG372
231001733,CSCI305+CSCI315+CSCI419+CSCI451+MATH210+SSCI102
231001735,ECE322+ECE338+ECE345+MTH217
231001737,CSCI305+CSCI315+CSCI417+CSCI419+CSCI461+HUMA102
231001739,APBI102+APBI305+APBI306+CBIO305+CBIO306
231001741,ECE338+ECE345+ECE346+ECE355+ECE471
231001745,CSCI305+CSCI315+CSCI417+CSCI451
231001746,APBI102+APBI305+APBI306+CBIO305+CBIO306
231001747,BMD303+BMD407+BMD409+CSCI417+CSCI419+MATH303+SSCI201
231001748,APBI102+APBI304+APBI410+CBIO203+MATH102+MICR202
231001751,BSAD401+SSCI102
231001753,APBI305+APBI306+CBIO305+CBIO306
231001757,MNG321+MNG333+MNG335+MNG336+MNG363+MNG372
231001758,APBI305+APBI306+BIO206+MATH102
231001764,BSAD401+BSAD420+MGMT402+OPMG304+OPMG401+OPMG406
231001769,ECE252+ECE315+ECE338+ECE345+ECE346+ECE355
231001773,ECE233+ECE338+ECE345+ECE346+ECE355+ECE471
231001776,ECE232+ECE314+ECE315+ECE335+ECE338
231001778,CSCI305+CSCI315+CSCI417+CSCI419
231001779,BSAD401+FINC305+MGMT402+OPMG301
231001782,ACCT301+BSAD401+FINC302+FINC407
231001785,ACCT202+ECON201+MOIT301+OPMG302
231001792,APBI305+APBI306+CBIO305+CBIO306
231001793,APBI101+APBI305+APBI306+BIO206
231001795,ECE315+ECE338+ECE345+ECE346+ECE355
231001796,BMD212+CSCI208+CSCI313+HUMA001/101 (Room)+MATH303
231001801,MNG321+MNG333+MNG335+MNG336+MNG363+MNG372
231001806,CSCI305+ECEN101C+MATH112I+MATH201
231001807,MEC112+MNG223+MTH216
231001808,FINC305+MGMT402+MOIT301+NSCI103
231001809,BSAD401+MKTG302+MKTG303+MKTG304+MKTG307+NSCI103
231001812,BIO205+BIO206+CBIO203+MICR202
231001815,FINC305
231001816,MNG321+MNG333+MNG335+MNG336+MNG363+MNG372
231001817,APBI304+BIO206+CBIO306+CBIO312+CBIO313+CBIO314
231001819,INT111+MTH111+PHY112
231001820,CSCI305+CSCI315+CSCI417+CSCI419+CSCI461+NSCI102
231001822,BMD303+BMD407+BMD409+CSCI417+CSCI419+MATH303
231001823,CSCI322+ECE315+ECE338+ECE345+ECE355
231001824,APBI102+APBI305+APBI306+APBI410+CBIO305+CBIO306+MICR405
231001831,BSAD401+FINC301+MGMT402+MOIT301+OPMG301
231001835,ACCT202+MOIT301+OPMG302
231001837,CBIO305+CBIO306+CBIO312+CBIO313+CBIO314
231001840,CSCI305+CSCI311+CSCI417+CSCI419+ECEN101C+HUMA102
231001842,CSCI305+CSCI315+CSCI417+CSCI419+CSCI461
231001844,APBI101+APBI305+APBI306+CBIO305+CBIO306+PHY102
231001845,IND323+IND324+IND325+IND331+IND333+IND356
231001847,MNG241+MNG271+MNG372+MNG382+MNG386+MTH216
231001865,MNG241+MNG333+MNG335+MNG336+MNG372
231001866,CSCI208+CSCI212/CSCI221+CSCI322+MATH210
231001867,ECE314+ECE315+ECE335+ECE346
231001869,APBI305+APBI306+APBI410+CBIO305+CBIO306
231001870,MGMT402+MKTG303+OPMG304+OPMG401+OPMG406+SSCI102
231001872,BIO205+CBIO305+CBIO306+CBIO312+CBIO313+CBIO314
231001873,ECE315+ECE338+ECE345+ECE346+ECE355
231001880,CSCI315+CSCI417+CSCI419+HUMA001/101 (Room)+HUMA102+NSCI102
231001881,MNG241+MNG321+MNG335+MNG336+MNG363+MNG372
231001884,CSCI305+CSCI315+CSCI417+CSCI419+CSCI461+HUMA102
231001896,ACCT301+BSAD401+FINC302+FINC407
231001897,CBIO204+CBIO305+CBIO306+MATH204+MICR202
231001898,APBI410+BIO205+BIO206+CBIO203+MICR202
231001899,ECE315+ECE338+ECE345+ECE346+ECE355+ECE471
231001903,MNG321+MNG333+MNG335+MNG336+MNG363+MNG372
231001904,MKTG302+MKTG303+MKTG304+MKTG305+MKTG307
231001907,ECE338
231001910,MNG333+MNG372+MNG373+MNG382+MNG386+MNG484
231001911,BSAD401+MGMT402+MKTG303+OPMG304+OPMG401+OPMG406+OPMG420
231001913,MNG321+MNG333+MNG335+MNG336+MNG363+MNG372
231001918,BSAD401+BSAD420+MGMT402+OPMG304+OPMG401+OPMG406
231001920,ECE315+ECE338+ECE345+ECE346+ECE355
231001922,ACCT301+ACCT303+FINC302+FINC406
231001930,CSCI305+CSCI315+CSCI417+CSCI419+CSCI461
231001932,CSCI305+CSCI315+CSCI322+CSCI417+CSCI419
231001933,CBIO203+CBIO204+CBIO305+CBIO312
231001934,BMD303+BMD407+BMD409+CSCI305+CSCI417+CSCI419+MATH303
231001938,BSAD401+MGMT402+OPMG405
231001942,APBI305+APBI306+CBIO305+CBIO306+HUMA001/101 (Room)
231001945,CSCI322+ECE335+ECE338+ECEN456+MTH216
231001946,ECE315+ECE338+ECE345+ECE346+ECE355+MTH216
231001955,FINC301+HUMA001/101 (Room)+HUMA102+MOIT301+OPMG301
231001956,BIO205+BIO206+CHM102+MICR202
231001959,ECE315+ECE338+ECE345+ECE355+ECE471+PHY111/PHYS001
231001961,MATH112+MATH113/MATH211+MATH201
231001962,IND212+IND242+IND252+IND324+MTH216
231001964,ECE213+ECE338+ECE345+MEC111
231001965,MKTG302+MKTG303+MKTG304+MKTG307+NSCI103+SSCI102
231001966,CSC101/CSC111+INT111+MEC111
231001968,BSAD401+NSCI103+OPMG304+OPMG401+OPMG406+OPMG420
231001971,ECE213+ECE315+ECE355
231001972,FINC305+NSCI103+OPMG304+OPMG406
231001975,BSAD420+MGMT402+MKTG303+OPMG304+OPMG401+OPMG406
231001982,CBIO305+CBIO306+CBIO312+CBIO313+CBIO314
231001984,AIS302+AIS323+AIS477+CSCI315+CSCI451+CSCI461+CSCI467
231001990,MNG321+MNG333+MNG335+MNG336+MNG363+MNG372
231001991,ACCT301+BSAD420+FINC302+FINC406+FINC408
231001994,APBI305+APBI306+CBIO305+CBIO306
231001997,MNG321+MNG333+MNG335+MNG336+MNG363+MNG372
231001999,ECE315+ECE338+ECE345+ECE346+ECE355
231002000,APBI102+CBIO305+CBIO306+MICR202
231002006,APBI102+CBIO203+CBIO312+CBIO313+MATH102
231002009,BMD303+BMD407+BMD409+CSCI305+CSCI417+CSCI419+MATH303
231002011,ECE315+ECE338+ECE345+ECE346+ECE355+ECE471
231002012,CSCI305+CSCI315+CSCI417+CSCI419+MATH203
231002013,CSCI305+CSCI315+CSCI417+CSCI419+CSCI461+MATH203
231002014,ACCT201+MATH201B
231002015,APBI102+APBI410+CBIO203+MATH204
231002016,ARC343+ARC353+ARC363+ARC477+ARUD356/CVL317
231002025,CBIO305+CBIO306+CBIO312+CBIO313+CBIO314
231002026,ECE252+ECE315+ECE338+ECE345+ECE346+ECE355
231002030,CSCI305+CSCI313+CSCI315+CSCI419+CSCI461+MATH210
231002032,ECE315+ECE338+ECE345+ECE346+ECE355
231002040,BIO206+CBIO203+MATH102+MICR202
231002047,MKTG302+MKTG303+MKTG307+MKTG401+MKTG470+SSCI102
231002048,MKTG302+MKTG303+MKTG307+MKTG401+MKTG470+SSCI102
231002049,BIO205+BIO206+MATH204+MICR202
231002052,IND242+IND252+IND324+IND325+IND331+IND333
231002053,CBIO305+CBIO306+CBIO409+MICR202+MICR405
231002054,BMD303+BMD407+CSCI305+CSCI417+CSCI419+HUMA001/101 (Room)+MATH303
231002055,CSCI212/CSCI221+CSCI305+CSCI322+HUMA001/101 (Room)+MATH210
231002058,FINC305+MKTG302+MKTG303+MKTG304+MKTG305+MKTG307
231002059,MNG223+MNG232+MNG241+MNG321
231002060,CSCI305+CSCI315+CSCI417+CSCI419+CSCI451+SSCI102
231002063,CSCI315+CSCI419+CSCI461+NSCI102+SSCI102
231002071,CSCI305+CSCI315+CSCI417+CSCI419+CSCI461+MATH210
231002072,ECE315+ECE338+ECE345+ECE346+ECE355+MTH217
231002075,APBI101+CBIO203+CBIO305+MICR202
231002076,MNG321+MNG333+MNG335+MNG336+MNG363+MNG372
231002078,BSAD401+FINC305+MGMT402
231002081,CSCI305+CSCI315+CSCI419+CSCI461+MATH210
231002084,CSCI305+CSCI315+CSCI419+MATH210+NSCI102
231002086,IND242+IND252+IND324
231002087,ECE315+ECE338+ECE345+ECE346+ECE355
231002091,CHM111+CVL211+CVL321+CVL331+CVL451+MTH112
231002092,BIO206+CBIO203+MATH204+MICR202+PHY102
231002094,CHM102+MATH102+PHY102
231002095,MNG321+MNG333+MNG335+MNG336+MNG363+MNG372
231002097,ECE232+ECE314+ECE315+ECE335+ECE338+ECE346
231002099,BSAD401+MGMT402+NSCI102+OPMG401
231002100,BSAD401+MKTG302+MKTG303+MKTG304+MKTG307
231002104,CHM111+CVL211+CVL331
231002106,MNG223+MNG232+MNG321+MTH215
231002107,ECE314+ECE315+ECE335+ECE338+ECEN473+MTH111
231002108,CSCE101B+MATH110B+NSCI102
231002109,ECE151+IND325+IND333+MTH112+MTH113
231002110,ACCT303+MGMT402+OPMG303+OPMG401
231002112,CSCI305+CSCI315+CSCI419+MATH210
231002113,APBI305+APBI306+CBIO305+CBIO306
231002115,CSCI305+CSCI315+CSCI417+CSCI419+CSCI461
231002116,MNG232+MNG321+MNG363+MNG372
231002120,ECE213+ECE231+ECE232+ECE314+ECE338
231002123,ECON201+FINC305+MGMT402+OPMG401
231002125,APBI102+APBI305+APBI306+CBIO305+CBIO306
231002131,ECE213+ECE252+ECE338+ECE345+ECEN428
231002135,ACCT202+ECON201+FINC301+MGMT303+MOIT301+OPMG302
231002139,APBI102+APBI305+APBI306+APBI410+CBIO305+CBIO306+MICR405
231002140,APBI102+APBI305+APBI306+CBIO305+CBIO306
231002142,AIS302+AIS323+CSCI305+CSCI315+CSCI451+CSCI461+SSCI201
231002150,BMD303+CSCI305+CSCI417+CSCI419+CSCI461+MATH303+SSCI201
231002151,CSCI305+CSCI315+CSCI417+CSCI419+CSCI461
231002156,ECE315+ECE338+ECE345+ECE346+ECE355
231002158,ACCT301+ACCT303+FINC302+NSCI102
231002163,CSCI305+CSCI315+CSCI417+CSCI419+CSCI461+MATH301
231002166,CSCI305+CSCI311+CSCI417+MATH201+MATH301
231002171,AIS201+CSCI305+CSCI315+CSCI451
231002175,APBI305+APBI306+BIO206+CBIO203
231002178,APBI101+APBI102+APBI305+APBI306+CBIO305+CBIO306
231002180,BSAD401+MGMT402+MKTG303+OPMG304+OPMG401+OPMG406
231002183,APBI102+BIO205+CBIO305+MICR202
231002184,APBI305+APBI306+CBIO305+CBIO306
231002186,CSCI207+CSCI311+CSCI322
231002188,CBIO305+CBIO306+CBIO312+CBIO313+CBIO314
231002190,APBI101+CBIO203+PHY102
231002193,MNG232+MNG321+MNG333+MNG363+MNG372
231002196,MNG321+MNG333+MNG335+MNG336+MNG363+MNG372
231002203,MNG232+MNG241+MNG321+MNG333+MNG363+MNG372
231002205,CSCI305+CSCI315+CSCI417+CSCI419+CSCI461
231002206,MNG232+MNG241+MNG321+MNG333+MNG363+MNG372
231002207,ACCT301+ACCT303+FINC302+FINC408+HUMA001/101 (Room)
231002208,BIO205+CBIO305+CHM102+MICR202
231002210,APBI305+APBI306+CBIO305+CBIO306
231002220,FINC305+MKTG302+MKTG303+MKTG307+NSCI103+OPMG301
231002223,APBI305+APBI306+APBI410+CBIO305+CBIO306+MICR405
231002225,ECE315+ECE338+ECE345+ECE346+ECE355
231002226,BIO205+BIO206+MICR202
231002231,CSCI305+CSCI315+CSCI417+CSCI419+CSCI461
231002232,MNG321+MNG333+MNG335+MNG336+MNG363+MNG372
231002233,APBI102+APBI305+APBI306+CBIO305+CBIO306
231002236,APBI101+APBI305+APBI306+CBIO305+CBIO306
231002237,MGMT402+NSCI102+OPMG303+SSCI102
231002240,ECE315+ECE338+ECE345+ECE346+ECE355
231002243,BMD303+BMD407+BMD409+CSCI417+CSCI419+MATH303
231002245,BIO102+CBIO204+CHM102+PHY102
231002246,BIO205+BIO206+CBIO203+PHY102
231002253,ECE314+ECE315+ECE335+ECE338+ECE346
231002256,APBI410+CBIO204+CBIO305+CBIO306+CBIO314
231002257,MNG321+MNG333+MNG335+MNG336+MNG363+MNG372
231002258,APBI410+BIO205+BIO206+CBIO306+MATH204
231002260,CSCI212/CSCI221+MATH201
231002262,MKTG303+OPMG304+OPMG401+OPMG406
231002264,ACCT301+ACCT303+BSAD401+FINC302+FINC406
231002265,APBI102+APBI305+APBI306+CBIO305+CBIO306
231002271,ECE315+ECE338+ECE345+ECE346+ECE355+ECE471
231002275,MKTG303+MKTG305+MKTG307+MKTG401
231002279,ACCT301+BSAD401+FINC406+NSCI103+SSCI102
231002292,CSCI305+CSCI315+CSCI417+CSCI419+CSCI461
231002298,ACCT301+ACCT303+FINC302+NSCI102
231002299,APBI102+APBI305+APBI306+CBIO305+CBIO306
231002302,CSCI322+ECE322+ECE335+ECE338+HUMA102+SSCI201
231002303,HUMA001/101 (Room)+HUMA102+MKTG303+OPMG304+OPMG401+OPMG406
231002304,ACCT301+BSAD401+FINC302+FINC305
231002311,MNG232+MNG321+MNG333+MNG363+MNG372
231002313,ECE231+ECE315+ECE338+ECE345+ECE355+ECE471
231002314,APBI102+APBI305+APBI306+CBIO305+CBIO306
231002316,BSAD401+FINC301+MGMT402+SSCI102
231002323,FINC301+NSCI102+OPMG302
231002324,ECON201+OPMG301
231002327,MGMT402+MKTG303+MOIT301+OPMG304+OPMG406
231002328,ARC343+ARC353+ARC363+ARC477+ARUD356/CVL317
231002330,ACCT201+ECON201+HUMA001/101 (Room)+MATH201B
231002331,ECE213+ECE231+ECE338+ECE345
231002332,BSAD401+MKTG303+OPMG304+OPMG401+OPMG406
231002334,MKTG303+MKTG304+MKTG305+MKTG307+MKTG401
231002337,ACCT301+BSAD401+FINC407+FINC408+NSCI103+OPMG405
231002339,BSAD401+MGMT402+MKTG303+OPMG303+OPMG304+OPMG401
231002342,APBI410+CBIO313+CBIO409+MATH102+MICR202
231002343,APBI101+APBI305+APBI306+CBIO305+CBIO306+PHY102
231002344,BSAD401+FINC301+MKTG303+MKTG307+OPMG301+SSCI102
231002349,MATH110B
231002350,ACCT301+ACCT303+FINC302+FINC408+HUMA001/101 (Room)+HUMA102
231002356,APBI102+APBI305+APBI410+CBIO305+CBIO306+MICR405
231002357,MNG321+MNG333+MNG335+MNG336+MNG363+MNG372
231002361,ACCT201+ECON201+MATH201B+NSCI102
231002366,FINC305+MKTG302+MKTG303+MKTG304+MKTG307
231002370,ARC343+ARC353+ARC363+ARC477+ARUD356/CVL317
231002371,MKTG302+MKTG303+MKTG304+MKTG307+MKTG401+MOIT301
231002375,ECE314+ECE315+ECE335+ECE338+ECE346
231002376,ACCT303+FINC302+FINC408
231002387,ARC343+ARC353+ARC363+ARC477+ARUD356/CVL317
231002392,BSAD401+FINC305+MGMT402+MOIT301+OPMG301
231002393,BSAD401+FINC305+MKTG302+MKTG307+OPMG301
231002395,BSAD401+MGMT402+OPMG401
231002399,MKTG303+OPMG304+OPMG401+OPMG406
231002400,CBIO305+CBIO306+CBIO312+CBIO313+CBIO314+CBIO409
231002403,MKTG303+OPMG304+OPMG401+OPMG406
231002410,ACCT301+BSAD401+FINC302+FINC407
231002411,ACCT301+BSAD401+FINC406+NSCI103
231002427,CSCI305+CSCI315+CSCI417+CSCI419+CSCI461
231002436,ECE231+ECE241+MTH113+MTH215+MTH216
231002439,ACCT303+FINC305+MGMT402+OPMG304+OPMG405
231002448,FINC305+NSCI103+OPMG301
231002473,MGMT402+MKTG303+NSCI102+OPMG304+OPMG401+OPMG405+OPMG406
231002474,CSCI305+CSCI315+CSCI417+CSCI419+CSCI451
231002475,BSAD401+MGMT402+MKTG303+OPMG304+OPMG420
231002478,CSCI305+CSCI315+CSCI417+CSCI419+CSCI461
231002485,ACCT201+MATH201B+MGMT402
231002487,ECE151+ECE213+ECE241+ECE345
231002493,ECE233+ECE315+ECE338+ECE345+ECE346+ECE355
231002498,ECE315+ECE338+ECE345+ECE346+ECE355+MTH217
231002500,FINC301+MKTG302+MKTG303+MKTG305+MKTG307+MKTG401+MOIT301
231002502,CSCI313+CSCI315+CSCI417+CSCI419+ECEN101C
231002504,ECE213+ECE314+ECE315+ECE335+ECE338+ECE424
231002510,BSAD401+FINC305+MGMT402+OPMG301
231002512,ECE213+ECE315+ECE338+ECE345+ECE346+MTH216
231002513,MNG232+MNG241+MNG321+MNG333+MNG363
231002518,CSCE101B
231002528,ECE338+ECE345+ECE346+ECE355+ECE471
231002532,IND212+IND252+IND323+IND324
231002599,APBI306+CBIO203+CBIO305+MATH102
231002617,CSCI305+CSCI315+CSCI419+HUMA102+MATH201+MATH210
231002651,FINC301+MOIT301+OPMG301
231002657,APBI101+BIO205+CBIO203+CBIO305+MATH102
231002670,ECE213+ECE233+ECE252+ECE345+MTH216
231002716,CSCI305+CSCI313+CSCI417+CSCI419+ECEN101C
231002718,AIS201+CSCI208+CSCI217+MATH301
231002720,BSAD401+FINC305+MOIT301+OPMG301
231002721,CVL315+CVL334+CVL432+CVL451
231002722,ARC111+ARC161+HUM103
231002723,ECON201+FINC301+NSCI103+OPMG302+SSCI102
231002725,MNG232+MNG321+MNG333+MNG363+MNG372
231002728,FINC301+HUMA001/101 (Computer Lab)+MGMT303+OPMG301
231002729,FINC305+MGMT303+MKTG303+MKTG305+OPMG301
231002730,BIO205+BIO206+CBIO203+MICR202
231002736,CSCI207+MATH112+PHYS101C
231002737,ACCT202+HUMA102+MOIT301+NSCI103+OPMG301
231002742,CSCI311+CSCI322+CSCI419+HUMA001/101 (Room)+MATH203+NSCI102+SSCI102
231002744,APBI102+APBI305+APBI306+CBIO305+MATH102
231002745,FINC305+MKTG302+MKTG303+MKTG304+MKTG305+MKTG307
231002749,FINC305+MGMT303+OPMG301
231002757,MNG232+MNG241+MNG321+MNG333+MNG363+MNG372
231002758,CSCI305+CSCI315+CSCI417+CSCI419+CSCI451+SSCI102
231002760,ACCT202+FINC301+MOIT301+OPMG302
231002764,ACCT202+MATH201B+MOIT301+NSCI102
231002768,ACCT201+OPMG302
231002792,CSCI305+CSCI313+CSCI315+CSCI451
231002795,ECE471+MTH217
231002806,CSCI208+CSCI212/CSCI221+CSCI217+MATH203
231002813,ACCT201+BSAD401+MKTG302+MKTG303+MKTG305+MKTG307
232000004,ACCT201+BSAD401+ECON201+OPMG304+OPMG401+OPMG406
232000005,IND323+IND324+IND325+IND331+IND333+IND356
241000004,ECE121+ECE151+ECE231+MTH215
241000012,MEC111
241000013,ECE121+ECE231+MTH215+MTH217
241000017,AIS201+CSCI208+CSCI217+CSCI311+SSCI201
241000018,FINC301+MOIT301+NSCI102+OPMG301
241000021,CSCI207+ECEN101C+HUMA001/101 (Room)+MATH100+MATH111I
241000023,BIO205+BIO206+CBIO203+CBIO204+MATH204+MICR202
241000025,CSCI208+CSCI212/CSCI221+CSCI217+HUMA001/101 (Room)+MATH203
241000027,AIS201+CSCI208+CSCI212/CSCI221+CSCI217+MATH201+MATH301I
241000037,FINC301+HUMA001/101 (Computer Lab)+HUMA102+NSCI102+NSCI103+OPMG301
241000040,INT121+MTH111+MTH113+MTH214
241000044,ARC222+ARC233+ARC251+ARC262+CVL213
241000045,BIO205+BIO206+CBIO203+MICR202
241000048,CSCI207+CSCI212/CSCI221+CSCI322+ECEN101C
241000049,ACCT201+ECON201+MATH201B+MOIT301
241000050,AIS201+CSCI208+CSCI217+CSCI311+MATH203I+SSCI201
241000051,ECE121+ECE231+ECE252+MTH217
241000052,ECE121+ECE233+MTH113+MTH216+MTH217
241000053,IND212+IND242+IND252+IND325+MTH112
241000064,ARC222+ARC233+ARC251+ARC262+CVL213
241000065,CSCI207+CSCI208+CSCI212/CSCI221+HUMA001/101 (Room)+MATH203
241000066,CSC102/CSCI102+CSCI212/CSCI221+ECEN101C
241000070,ECE213+ECE233+ECE241+ECE252+MTH216+MTH217
241000072,AIS201+CSCI208+CSCI212/CSCI221+CSCI217+CSCI322+MATH301I
241000073,ARC222+ARC233+ARC251+ARC262+CVL213
241000074,ECE213+ECE233+ECE241+ECE252+MTH216+MTH217
241000075,BIO102+CBIO203+CBIO204+MATH204
241000078,CSCI205+CSCI207+CSCI212/CSCI221+ECEN101C+HUMA102+MATH201
241000079,ECE231+ECE241+ECE252+MEC111+MTH217
241000081,HUMA001/101 (Room)+MATH201B+MGMT303
241000093,CSCI212/CSCI221+CSCI217+ECEN101C+HUMA102+MATH201
241000103,CSCI207+CSCI212/CSCI221+ECEN101C+MATH112
241000105,BIO205+BIO206+CHM102+MICR202
241000106,CSCI207+MATH112+MATH113/MATH211+MATH201
241000107,HUMA111+MEC111+MTH111+MTH113
241000113,ARC222+ARC233+ARC262
241000123,ECE121+MTH112+MTH214+PHY112
241000131,BSAD401+FINC301+HUMA001/101 (Computer Lab)+HUMA102+MGMT303+OPMG301
241000132,IND252+IND325+MTH113
241000133,CSCI208+CSCI212/CSCI221+CSCI217+ECEN101C+HUMA001/101 (Room)+MATH112
241000157,MNG223+MNG232+MNG241+MNG271+MTH216
241000164,IND242+IND252+IND325+MTH216
241000165,AIS201+CSCI208+CSCI217+CSCI311+MATH203I
241000176,CVL231+CVL311+CVL321+CVL331+CVL451
241000179,ACCT202+FINC301+HUMA001/101 (Room)+HUMA102+MGMT303+OPMG302
241000183,BSAD401+FINC301+MOIT301+NSCI102+OPMG301
241000184,ACCT202+ECON201+HUMA001/101 (Room)+HUMA102+OPMG302
241000192,CSCI208+CSCI212/CSCI221+CSCI217+HUMA102+MATH203
241000194,ARC222+ARC233+ARC251+ARC262+CVL213
241000206,MNG223+MNG232+MNG241+MNG271+MTH216
241000208,CSCI207+CSCI208+CSCI212/CSCI221+ECEN101C
241000215,CSCI208+CSCI212/CSCI221+CSCI217+MATH203
241000217,CSCI208+CSCI212/CSCI221+CSCI217+HUMA001/101 (Room)+MATH203
241000218,ECE151+HUMA001/101 (Room)
241000221,FINC301+HUMA001/101 (Room)+HUMA102+MOIT301+OPMG301
241000227,CSCI208+CSCI212/CSCI221+CSCI217+MATH203+NSCI102
241000228,FINC301+HUMA001/101 (Room)+HUMA102+NSCI103+OPMG301+SSCI102
241000229,ACCT201+ECON201+MGMT201
241000232,ECE213+ECE233+ECE241+ECE252+MTH216+MTH217
241000235,MEC112+MNG223+MNG232+MNG241+MNG271+MTH216
241000238,FINC301+NSCI102+OPMG301
241000245,CSCI208+CSCI212/CSCI221+CSCI217+CSCI322+MATH203+MATH301
241000246,CSCI208+CSCI212/CSCI221+CSCI217+ECEN101C+MATH203
241000247,IND325+MTH111+MTH113
241000251,FINC301+HUMA001/101 (Room)+HUMA102+MOIT301+OPMG301
241000253,ECE213+ECE232+ECE233+ECE241+MTH216+MTH217
241000254,ECON201+MOIT301+OPMG301
241000258,IND212+IND242+IND252+IND325+MTH216
241000259,MNG223+MNG232+MNG241+MNG271+MTH216
241000261,ACCT201+MATH201B+MOIT301+SSCI102
241000262,ECE233+ECE241+ECE252+MTH215+MTH217
241000265,IND212+IND252+IND325+MTH215
241000267,CSCI207+MATH100+PHYS101C
241000268,AIS302+AIS323+AIS411+AIS431+CSCI451+CSCI467
241000271,CSCI205+CSCI208+CSCI212/CSCI221+CSCI217+HUMA001/101 (Room)+MATH203
241000272,ARC222+ARC233+ARC251+ARC262+CVL213
241000277,CSCI208+CSCI212/CSCI221+CSCI217+CSCI322+HUMA001/101 (Room)+MATH301
241000281,MNG223+MNG232+MNG241+MNG271+MTH216
241000282,BMD212+CSCI208+CSCI217+HUMA001/101 (Computer Lab)+MATH201
241000287,ECE213+ECE233+ECE241+ECE252+MTH216+MTH217
241000288,BSAD401+FINC301+MOIT301+OPMG301
241000289,CSCI208+MATH112+MATH113/MATH211
241000297,CSCI208+CSCI212/CSCI221+CSCI217+HUMA001/101 (Room)+MATH203
241000298,CSCI205+CSCI208+CSCI212/CSCI221+CSCI217+ECEN101C+MATH201
241000299,FINC301+HUMA001/101 (Room)+HUMA102+MOIT301+OPMG301
241000300,CSCI208+CSCI212/CSCI221+CSCI217+MATH203
241000302,ARC111+ARC161+HUM103+PHY111
241000304,AIS201+CSCI208+CSCI217+CSCI311+MATH203I
241000307,ECE213+ECE232+ECE233+ECE241+MTH216+MTH217
241000309,ECE213+ECE231+ECE241+ECE252+MTH216+MTH217
241000314,ACCT202+BSAD401+FINC301+HUMA001/101 (Room)+HUMA102+OPMG302
241000316,ECE231+ECE252+MTH214+MTH217+PHY111/PHYS001
241000317,ARC222+ARC233+ARC251+ARC262+CVL213
241000318,MNG223+MNG232+MNG241+MNG271+MTH216
241000323,CSCI207+CSCI212/CSCI221+ECEN101C+MATH112
241000324,CSCI207+PHYS101C
241000326,ARC111+ARC161+HUM103
241000332,CSCI208+CSCI212/CSCI221+CSCI217+MATH210
241000334,ECE121+ECE151+MTH112+MTH113
241000335,MNG223+MNG232+MNG241+MNG271+MTH216
241000336,CSCI208+CSCI212/CSCI221+CSCI217+HUMA102+MATH203
241000337,ECE151+MTH112+MTH113
241000339,AIS201+CSCI208+CSCI217+ECEN101C+HUMA001/101 (Room)+MATH201+SSCI201
241000340,CSCI208+CSCI212/CSCI221+CSCI217+MATH201+MATH203
241000343,AIS201+CSCI217+ECEN101C+MATH112I
241000346,ECE231+ECE241+MEC111+MTH215+MTH217
241000347,ECE213+ECE233+ECE241+ECE252+MTH216+MTH217
241000348,FINC301+HUMA001/101 (Room)+HUMA102+MOIT301+OPMG301
241000349,BMD212+CSCI208+CSCI217+HUMA001/101 (Computer Lab)+MATH201+SSCI201
241000350,CSCI208+CSCI212/CSCI221+CSCI217+HUMA001/101 (Room)+MATH203
241000351,CSCI208+CSCI212/CSCI221+CSCI217+MATH203+NSCI102
241000352,AIS201+CSCI217+ECEN101C
241000355,CSCI208+CSCI212/CSCI221+CSCI217+MATH203
241000359,AIS201+CSCI208+CSCI217+CSCI311+MATH203I
241000363,CSCI208+CSCI212/CSCI221+CSCI217+HUMA001/101 (Room)+MATH203
241000364,ACCT202+MOIT301+NSCI102+OPMG301
241000365,ECE213+ECE232+ECE233+ECE241+MTH216+MTH217
241000375,AIS201+CSCI208+CSCI217+CSCI311+MATH203I
241000376,ARC222+ARC233+ARC251+ARC262+CVL213
241000377,BIO205+BIO206+CBIO203+CBIO204+MATH204+MICR202
241000384,ARC161+HUM103+PHY111
241000388,ECE213+ECE233+ECE241+ECE252+MTH216+MTH217
241000389,ECE213+ECE232+ECE233+ECE241+MTH216+MTH217
241000390,ECE231+ECE241+ECE252+MTH216+MTH217
241000391,CSCI208+CSCI212/CSCI221+CSCI217+MATH203
241000393,ARC111+ARC161+HUM103+MEC111
241000394,BIO205+BIO206+CBIO203+CBIO204+MATH204+MICR202
241000395,CSCI205+CSCI207+ECEN101C+MATH112
241000397,CVL231+CVL311+CVL321+CVL331+CVL451+MTH215
241000400,ECE231+ECE241+ECE252+MTH215+MTH217
241000402,FINC301+HUMA001/101 (Room)+MOIT301+OPMG301
241000403,CSCI208+CSCI212/CSCI221+CSCI217+ECEN101C+MATH201
241000405,ECE233+ECE241+ECE338+MTH215+MTH217
241000406,MEC112+MNG223+MNG271+MNG372+MTH112+PHY112
241000407,CSCI208+CSCI212/CSCI221+CSCI217+MATH203
241000408,FINC301+MOIT301+NSCI103+OPMG301
241000409,MNG223+MNG232+MNG241+MNG271+MTH216
241000412,AIS201+CSCI208+CSCI217+CSCI311+MATH203I
241000415,ECE213+ECE233+ECE241+ECE252+MTH216+MTH217
241000416,AIS201+CSCI208+CSCI212/CSCI221+CSCI217+CSCI322+MATH301I
241000418,MEC112+MNG223+MNG321+MTH215+PHY111/PHYS001
241000425,BIO205+BIO206+CBIO203+CBIO204+MATH102+MICR202
241000428,AIS201+CSCI208+CSCI217+ECEN101C+MATH201
241000430,CSC101/CSC111+INT111+INT121+MEC111
241000431,AIS201+CSCI217+ECEN101C+HUMA102+MATH113/MATH211
241000433,ECE213+ECE233+ECE241+ECE252+MTH216+MTH217
241000436,FINC301+HUMA001/101 (Room)+HUMA102+MGMT303+OPMG301
241000437,CSCI208+CSCI212/CSCI221+CSCI217+HUMA001/101 (Room)+MATH203
241000439,BSAD401+FINC301+HUMA001/101 (Computer Lab)+HUMA102+MOIT301+OPMG301
241000442,ECE121+MTH112+MTH113+MTH217
241000446,ECE233+ECE241+ECE252+ECE338+MTH216+MTH217
241000450,ECE213+ECE233+ECE241+ECE252+MTH216+MTH217
241000451,CSCI112+HUMA001/101 (Room)+MATH111
241000456,FINC301+HUMA001/101 (Room)+HUMA102+MOIT301+OPMG301
241000459,AIS201+CSCI208+CSCI212/CSCI221+CSCI217+CSCI322+SSCI201
241000465,ECE121+ECE213+ECE232+ECE233+MTH216+MTH217
241000466,MNG223+MNG232+MNG241+MNG271+MTH216
241000469,MNG223+MNG232+MNG241+MNG271+MTH216
241000482,CSCI212/CSCI221+CSCI217+MATH201
241000486,MEC112+MNG223+MTH113+MTH215+PHY111/PHYS001
241000507,CSCI207+CSCI212/CSCI221+MATH201
241000508,ECE151+MEC112+MNG223+MNG271+MTH215
241000514,ECE231+ECE241+ECE252+MTH113+MTH215+MTH217
241000533,CSCI208+CSCI212/CSCI221+CSCI217+MATH203
241000534,BIO205+BIO206+CBIO203+CBIO204+MATH204+MICR202
241000535,AIS201+CSCI208+CSCI217+CSCI311+CSCI322
241000538,AIS201+CSCI208+CSCI217+CSCI311+MATH301I
241000541,CSCI208+CSCI212/CSCI221+CSCI217+ECEN101C+MATH210
241000543,AIS201+CSCI217+ECEN101C
241000547,BSAD401+FINC301+MOIT301+OPMG301
241000552,CSCI205+MATH112+PHYS101C
241000553,ECE213+ECE241+ECE252+MTH216+MTH217
241000558,ECON201+FINC301+MOIT301+OPMG302
241000559,ECE241+INT111+MEC111+MTH112+PHY112
241000562,CSCI208+CSCI212/CSCI221+CSCI217+HUMA102+MATH203
241000580,FINC301+HUMA001/101 (Room)+HUMA102+MOIT301+OPMG301
241000586,ARC222+ARC233+ARC262+CVL213
241000589,ECE151+ECE231+ECE241+MTH215
241000590,ECE121+ECE231+MTH214+MTH217+PHY111/PHYS001
241000593,MNG223+MNG232+MNG241+MNG271+MTH216
241000597,CSCI208+CSCI212/CSCI221+CSCI217+HUMA001/101 (Room)+MATH201+MATH210
241000601,ECE231+ECE241+MTH215+MTH217
241000602,ARC222+ARC233+ARC251+ARC262+CVL213
241000603,ECE213+ECE232+ECE233+ECE241+MTH216+MTH217
241000604,CSCI208+CSCI212/CSCI221+CSCI217
241000608,ECE213+ECE233+ECE241+ECE252+MTH216+MTH217
241000615,MNG223+MNG232+MNG241+MNG271+MTH216
241000616,AIS201+CSCI208+CSCI212/CSCI221+CSCI217+MATH201+MATH301I
241000626,ECE213+ECE232+ECE233+ECE241+MTH216+MTH217
241000629,ECE213+ECE231+ECE241+ECE252+MTH216+MTH217
241000636,ARC222+ARC233+ARC262+CVL213
241000641,ARC222+ARC233+ARC251+ARC262+CVL213
241000642,ECE121+ECE231+MTH113+MTH215+MTH217
241000649,CVL231+CVL311+CVL321+CVL331+CVL451+MTH215
241000656,CSCI207+CSCI212/CSCI221+HUMA001/101 (Room)+MATH112+MATH201
241000657,MNG223+MNG241+MNG271+MNG321+MTH216
241000658,CSCI207+HUMA001/101 (Room)+MATH112I+MATH201+PHYS101C
241000659,CSCI208+CSCI212/CSCI221+CSCI217+MATH203+NSCI102
241000660,ECON201+MATH110B+MOIT301
241000662,ARC222+ARC233+ARC251+ARC262+CVL213
241000676,ECE121+ECE231+MTH215
241000677,AIS201+CSCI208+CSCI217+CSCI311+MATH203I
241000678,AIS201+CSCI208+CSCI217+CSCI311+MATH203I
241000680,BMD212+CSCI205+CSCI208+CSCI217+HUMA001/101 (Room)+MATH201
241000686,CSCI208+CSCI212/CSCI221+CSCI217+HUMA001/101 (Room)+MATH203
241000687,AIS201+CSCI208+CSCI217+CSCI311+MATH203I
241000691,CSCI208+CSCI212/CSCI221+CSCI217+MATH203
241000693,CSCI207+CSCI212/CSCI221+MATH203
241000702,CSCI207+MATH112+MATH201
241000703,CSCI207+ECEN101C+MATH113/MATH211+MATH201
241000705,CSCI461+CSCI467+NSCI102+SSCI102
241000708,CSCI208+CSCI212/CSCI221+CSCI217+MATH203
241000709,ECE213+ECE233+ECE241+ECE252+MTH216+MTH217
241000710,CSCI205+CSCI212/CSCI221+HUMA102+MATH201
241000713,ACCT202+HUMA001/101 (Room)+HUMA102+MGMT303+OPMG302
241000716,CSC101/CSC111+HUMA111+INT121
241000718,MATH110B+MGMT201+MOIT301+NSCI103
241000721,CSCI207+CSCI212/CSCI221+ECEN101C+MATH201
241000722,IND212+IND242+IND252+IND325
241000725,FINC301+MOIT301+OPMG302
241000732,ECE213+ECE233+ECE241+ECE252+MTH216+MTH217
241000735,CVL231+CVL311+CVL321+CVL331+MTH215
241000736,ECE213+ECE233+ECE241+ECE252+MTH216+MTH217
241000737,CVL211+CVL321+CVL331+MTH112
241000739,BSAD401+FINC301+HUMA001/101 (Computer Lab)+HUMA102+MOIT301+OPMG301
241000740,CSCI305+CSCI315+CSCI417+CSCI419+CSCI461
241000741,CSCI208+CSCI212/CSCI221+CSCI217+HUMA001/101 (Room)+MATH201
241000750,CSCI208+CSCI212/CSCI221+CSCI217+HUMA102+MATH203
241000758,CSCI208+CSCI212/CSCI221+CSCI217+MATH203
241000763,CSCI207+MATH113/MATH211+MATH201+PHYS101C
241000764,ECE241+MTH113+MTH215+MTH217
241000767,ECE213+ECE233+ECE241+ECE252+MTH216+MTH217
241000768,CSCI208+CSCI212/CSCI221+CSCI217
241000772,INT121+MEC112+MTH215
241000778,CSCI212/CSCI221+CSCI217+HUMA001/101 (Room)+MATH203
241000790,AIS201+CSCI208+CSCI217+CSCI311+MATH203I
241000791,MEC111+MTH111+MTH113+PHY111
241000793,HUMA102+MNG223+MNG232+MNG241+MNG271+MTH216
241000795,AIS201+CSCI208+CSCI217+CSCI311+MATH203I
241000799,IND242+MEC111+MTH214+PHY111
241000801,ARC222+ARC233+ARC251+ARC262+CVL213
241000805,HUMA102+MNG223+MNG232+MNG241+MNG271+MTH216
241000811,FINC305+OPMG301+SSCI102
241000814,CSCI205+CSCI207
241000815,MEC111+MTH111+PHY111
241000816,FINC301+MOIT301+OPMG301
241000819,ARC222+ARC233+ARC251+ARC262+CVL213
241000821,ECE213+ECE232+ECE233+ECE241+MTH216+MTH217
241000822,ECE213+ECE241+ECE252+MTH216+MTH217
241000824,HUMA001/101 (Computer Lab)+IND212+IND242+MTH214
241000826,ECE151+MTH112+MTH113
241000833,ECE151+MEC111+MTH112+MTH113+PHY111/PHYS001
241000837,FINC305+OPMG301
241000843,CVL231+CVL331+INT121+MEC111
241000844,ECE315+ECE338+ECE345+ECE346+ECEN428+MTH216
241000845,ACCT202+FINC301+MGMT303
241000849,ARC111+ARC161+HUM103+MEC111
241000850,BIO205+BIO206+CBIO203+MICR202
241000853,BIO205+BIO206+CBIO203+CBIO204+MATH204+MICR202
241000858,ECE121+ECE231+MTH215+MTH217
241000867,AIS201+CSCI208+CSCI217+CSCI315+MATH301I
241000881,HUMA001/101 (Computer Lab)+IND212+IND242+IND252
241000882,CSCI208+CSCI212/CSCI221+CSCI217+MATH203+MATH210
241000883,ARC222+ARC233+ARC251+ARC262
241000884,CHM111+CVL211+MTH111
241000887,MNG223+MNG241+MNG271+MNG321+MTH216
241000888,BIO205+BIO206+CBIO203+CBIO204+MATH204+MICR202
241000889,ARC161+ARC233+CVL213+PHY111/PHYS001
241000894,ECE213+ECE231+ECE232+ECE241+MTH216+MTH217
241000899,AIS201+CSCI208+CSCI217+CSCI311+MATH203I
241000902,ACCT301+BSAD401+FINC305+OPMG301
241000907,FINC301+MGMT303+MOIT301+OPMG301
241000909,CSCI208+CSCI212/CSCI221+CSCI217+MATH203+SSCI102
241000912,ACCT202+ECON201+MOIT301+OPMG302
241000914,AIS201+CSCI208+CSCI217+ECEN101C
241000920,FINC301+HUMA001/101 (Room)+HUMA102+MOIT301+NSCI102+OPMG301
241000926,ECE213+ECE232+ECE233+ECE241+MTH216+MTH217
241000932,FINC301+HUMA001/101 (Computer Lab)+HUMA102+NSCI103+OPMG301
241000934,CSCI208+CSCI217+CSCI322+HUMA001/101 (Room)+MATH203+MATH210
241000935,CSCI208+CSCI212/CSCI221+HUMA001/101 (Room)+MATH112+MATH113/MATH211+MATH201
241000941,ECE233+ECE241+ECE252+MTH216+MTH217
241000943,CSCI208+CSCI212/CSCI221+CSCI217+HUMA001/101 (Room)+MATH210
241000944,AIS201+CSCI208+CSCI217+CSCI311+MATH203I
241000945,MNG223+MNG232+MNG241+MNG271+MTH216
241000947,AIS201+CSCI208+CSCI217+CSCI311+MATH301I
241000949,ECE121+ECE231+ECE232+MTH214+MTH217
241000960,ECE213+ECE233+ECE241+ECE252+MTH216+MTH217
241000974,ECE213+ECE233+ECE241+ECE252+MTH216+MTH217
241000977,CSCI207+MATH112+MATH113/MATH211
241000980,IND212+IND242+IND252+MTH216
241000982,ACCT202+MOIT301+NSCI102+OPMG301
241000985,CSCI208+CSCI217+CSCI315+HUMA102+MATH203+MATH210
241000988,BIO205+BIO206+CBIO203+CBIO204+MATH204+MICR202
241000990,MNG223+MNG232+MNG241+MNG271+MTH216
241000992,ECE151+INT121+MEC112+MTH215
241000996,ECE213+ECE233+ECE241+ECE252+MTH216+MTH217
241001000,ECE213+ECE233+ECE241+ECE252+MTH216+MTH217
241001005,CSC101/CSC111+CSC102/CSCI102+PHYS101C
241001009,FINC301+MGMT303+MOIT301+NSCI102+OPMG301
241001010,CSCI208+CSCI212/CSCI221+CSCI217+MATH203
241001013,AIS201+CSCI208+CSCI212/CSCI221+CSCI217+CSCI322+MATH301I
241001025,MEC112+MNG223+MTH215+PHY111/PHYS001
241001031,CSCI207+MATH113/MATH211+PHYS101C
241001036,CSCI208+CSCI212/CSCI221+CSCI217+HUMA001/101 (Room)+MATH203
241001046,MEC112+MNG223+MNG232+MNG241+MTH216+PHY111
241001047,CSCI208+CSCI212/CSCI221+CSCI217+MATH210
241001048,AIS201+CSCI208+CSCI217+CSCI311+MATH301I
241001054,CSCI208+CSCI212/CSCI221+CSCI217
241001057,AIS201+CSCI208+CSCI217+CSCI311+CSCI322+SSCI201
241001059,MNG223+MNG232+MNG241+MNG271+MTH216
241001060,ECE213+ECE232+ECE233+ECE241+MTH216+MTH217
241001061,BIO205+BIO206+CBIO203+CBIO204+MATH204+MICR202
241001062,ECE213+ECE232+ECE233+ECE241+MTH216+MTH217
241001066,ECE121+MTH216+MTH217+PHY111/PHYS002
241001067,CSCI208+CSCI212/CSCI221+CSCI217+HUMA001/101 (Room)+MATH203
241001068,CSCI208+CSCI212/CSCI221+CSCI217+HUMA001/101 (Room)+MATH112
241001070,BIO205+BIO206+CBIO203+CBIO204+MATH204+MICR202
241001072,BSAD401+FINC301+HUMA001/101 (Computer Lab)+HUMA102+MOIT301+OPMG301
241001075,BSAD401+FINC301+HUMA001/101 (Computer Lab)+HUMA102+MOIT301+OPMG301
241001077,BSAD401+FINC301+HUMA001/101 (Room)+HUMA102+NSCI103+OPMG301
241001079,CSCI208+CSCI212/CSCI221+CSCI217+HUMA102+MATH203
241001083,ACCT202+ECON201+HUMA001/101 (Room)+HUMA102+MGMT303+OPMG302
241001085,ECE151+MEC112+PHY112
241001086,CSCI208+CSCI212/CSCI221+CSCI217+HUMA102+MATH203
241001087,FINC301+HUMA001/101 (Room)+HUMA102+MOIT301+OPMG301
241001088,CSCI208+CSCI212/CSCI221+CSCI217+HUMA001/101 (Room)+HUMA102+MATH203
241001090,ECE121+ECE231+ECE252+MTH216+MTH217
241001092,AIS201+CSCI208+CSCI217+CSCI311+MATH301I
241001097,AIS201+CSCI208+CSCI217+CSCI311+HUMA001/101 (Room)+MATH203I
241001098,MNG223+MNG232+MNG241+MNG271+MTH216
241001099,FINC301+MOIT301+OPMG302
241001101,BMD212+CSCI205+CSCI208+CSCI217+MATH201
241001103,MNG223+MNG232+MNG241+MNG271+MTH216
241001104,CSCI208+CSCI212/CSCI221+CSCI217+MATH210+NSCI102
241001105,BSAD401+FINC301+HUMA001/101 (Computer Lab)+HUMA102+MOIT301+OPMG301
241001107,BIO205+BIO206+CBIO203+CBIO204+MATH204+MICR202
241001108,CSCI208+CSCI212/CSCI221+CSCI217+MATH203+NSCI102
241001110,CSCI208+CSCI212/CSCI221+CSCI217+MATH112
241001111,CSCI208+CSCI212/CSCI221+CSCI217
241001112,CSCI208+CSCI212/CSCI221+CSCI217+HUMA102+MATH203
241001114,CSCI208+CSCI212/CSCI221+CSCI217+MATH203
241001116,AIS201+CSCI212/CSCI221+CSCI217+MATH112I+MATH201
241001118,CVL211+CVL231+CVL331+HUMA111
241001122,ECE213+ECE233+ECE241+ECE252+MTH216+MTH217
241001125,MNG223+MNG232+MNG241+MNG271+MTH216
241001127,ECE213+ECE232+ECE233+ECE241+MTH216+MTH217
241001128,ECE231+ECE232+ECE241+MTH215+MTH217
241001129,CSCI207+CSCI212/CSCI221+HUMA102+MATH201+MATH203
241001130,ECE213+ECE233+ECE241+ECE252+MTH216+MTH217
241001131,CSCI208+CSCI212/CSCI221+CSCI217+HUMA001/101 (Room)+MATH203
241001132,ECE213+ECE231+ECE241+ECE252+MTH216+MTH217
241001134,ARC222+ARC233+ARC251+ARC262+CVL213
241001135,MNG223+MNG232+MNG241+MNG271+MTH216
241001136,IND212+IND242+IND252+MEC112
241001144,AIS201+CSCI208+CSCI217+CSCI311+HUMA001/101 (Room)+MATH201
241001145,BIO205+BIO206+CBIO203+CBIO204+MATH204+MICR202
241001149,ECE213+ECE232+ECE233+ECE241+MTH216+MTH217
241001151,CSCI208+CSCI212/CSCI221+CSCI217+HUMA001/101 (Room)+MATH203+MATH210
241001153,ACCT202+MOIT301+NSCI102+OPMG301
241001158,ECE213+ECE233+ECE241+ECE252+MTH216+MTH217
241001159,CSC102/CSCI102+PHYS101C
241001160,CSCI208+CSCI212/CSCI221+CSCI217+HUMA001/101 (Room)+MATH203
241001162,CSCI208+CSCI212/CSCI221+CSCI217+HUMA102+MATH210
241001166,CSCI208+CSCI212/CSCI221+CSCI217+HUMA001/101 (Room)+MATH203
241001167,ECE213+ECE233+ECE241+ECE252+MTH216+MTH217
241001171,MNG223+MNG232+MNG241+MNG271+MTH216
241001172,MNG223+MNG232+MNG241+MNG271+MTH216
241001174,MNG223+MNG232+MNG241+MNG271+MTH216
241001178,AIS201+CSCI208+CSCI212/CSCI221+CSCI217+SSCI201
241001179,BMD212+CSCI208+CSCI217+HUMA001/101 (Room)+MATH201
241001181,AIS201+CSCI208+CSCI217+CSCI311+MATH203I
241001185,CSCI207+CSCI212/CSCI221+HUMA001/101 (Computer Lab)+MATH112
241001186,CSCI208+CSCI212/CSCI221+CSCI217+MATH210
241001187,MNG223+MNG232+MNG241+MNG271+MTH216
241001189,APBI101+CBIO203+CBIO204+MATH204+MICR202
241001193,ECE213+ECE233+ECE241+MTH216+MTH217
241001198,ECE213+ECE233+ECE241+ECE252+MTH216+MTH217
241001199,FINC301+HUMA001/101 (Computer Lab)+HUMA102+MGMT303+MOIT301+OPMG301
241001200,BIO205+BIO206+CBIO203+CBIO204+MATH204+MICR202
241001203,ECE213+ECE232+ECE233+ECE241+MTH216+MTH217
241001207,CSCI208+CSCI212/CSCI221+CSCI217+HUMA001/101 (Room)+MATH203+MATH210
241001208,CSCI208+CSCI212/CSCI221+CSCI217+MATH203
241001212,MNG223+MNG232+MNG241+MNG271+MTH216
241001213,ACCT301+FINC302+FINC408
241001220,CSCI208+CSCI212/CSCI221+CSCI217+HUMA001/101 (Room)+MATH203
241001222,CSCI208+CSCI212/CSCI221+CSCI217+MATH210
241001225,ECE213+ECE231+ECE241+ECE252+MTH216+MTH217
241001226,ECE213+ECE232+ECE233+ECE241+MTH216+MTH217
241001233,CSCI208+CSCI212/CSCI221+CSCI217+HUMA001/101 (Room)+MATH210
241001234,ECE213+ECE232+ECE233+ECE241+MTH216+MTH217
241001238,CSCI208+CSCI212/CSCI221+CSCI217+MATH203+SSCI102
241001241,ECE213+ECE232+ECE233+ECE241+MTH216+MTH217
241001243,IND325+MTH214+SSCI201
241001244,ACCT202+FINC301+MOIT301+OPMG301
241001246,MNG223+MNG232+MNG241+MNG271+MTH216
241001247,ACCT202+MOIT301+NSCI102+OPMG301
241001251,BIO205+BIO206+CBIO203+CBIO204+MATH204+MICR202
241001253,ECE213+ECE233+ECE241+ECE252+MTH216+MTH217
241001255,ECE213+ECE233+ECE241+ECE252+MTH216+MTH217
241001256,ECE213+ECE232+ECE233+ECE241+MTH216+MTH217
241001261,FINC301+MGMT303+MOIT301+NSCI102+OPMG301
241001263,MNG223+MNG232+MNG241+MNG271+MTH216
241001265,MNG223+MNG232+MNG241+MNG271+MTH216
241001269,ECE231+ECE241+ECE252+MTH215+MTH217
241001271,FINC301+MGMT303+NSCI102+OPMG301
241001272,ECE121+ECE231+ECE241+MTH215+MTH217
241001273,ARC222+ARC233+ARC251+ARC262+CVL213
241001278,ARC222+ARC233+ARC251+ARC262+CVL213
241001279,CSCI208+CSCI212/CSCI221+CSCI217+HUMA001/101 (Room)+MATH210
241001280,CSCI208+CSCI212/CSCI221+CSCI217+HUMA001/101 (Room)+MATH203
241001283,CSCI208+CSCI212/CSCI221+CSCI217+HUMA001/101 (Room)
241001285,CSCI208+CSCI212/CSCI221+CSCI217+MATH203+SSCI102
241001286,MNG223+MNG232+MNG241+MNG271+MTH216
241001288,MNG223+MNG232+MNG241+MNG271+MTH216
241001289,CSCI212/CSCI221+CSCI217+MATH112+MATH113/MATH211
241001290,CSCI205+ECEN101C+MATH112I
241001291,ECE213+ECE231+ECE241+ECE252+MTH216+MTH217
241001294,BIO205+BIO206+CBIO203+MICR202
241001296,CSCI205+PHYS101C
241001300,MNG223+MTH214+MTH215+PHY111/PHYS001
241001301,CSCI207+MATH100+PHYS101C
241001303,ECE213+ECE232+ECE233+ECE241+MTH216+MTH217
241001305,CSCI212/CSCI221+CSCI217+MATH112+MATH201
241001308,BIO205+BIO206+CBIO203+CBIO204+MATH204+MICR202
241001310,BMD212+CSCI208+CSCI217+HUMA001/101 (Room)+MATH201
241001311,CSCI207+CSCI212/CSCI221+HUMA001/101 (Room)+SSCI201
241001312,AIS201+CSCI208+CSCI217+CSCI311+MATH301I
241001313,BIO102+CBIO203+CHM102+MATH204
241001317,CSCI208+CSCI212/CSCI221+CSCI217+HUMA102+MATH203
241001320,ECE233+ECE241+ECE252+MEC111+MTH216+MTH217
241001321,ECE213+ECE233+ECE241+ECE252+MTH216+MTH217
241001323,ECE213+ECE232+ECE233+ECE241+MTH216+MTH217
241001324,MNG223+MNG232+MNG241+MNG271+MTH216
241001328,CSCI208+CSCI212/CSCI221+CSCI217+MATH203
241001335,CSCI208+CSCI212/CSCI221+CSCI217+HUMA001/101 (Room)+MATH203
241001339,CSCI208+CSCI212/CSCI221+CSCI217+HUMA001/101 (Computer Lab)+HUMA102+MATH203
241001340,ECE213+ECE233+ECE241+ECE252+MTH216+MTH217
241001341,ECE213+ECE231+ECE241+ECE252+MTH216+MTH217
241001345,CSCI208+CSCI212/CSCI221+CSCI217+HUMA001/101 (Room)+MATH203
241001346,FINC301+HUMA001/101 (Computer Lab)+NSCI103+OPMG301
241001349,CSCI207+ECEN101C+MATH111I
241001356,BIO205+BIO206+CBIO203+CBIO204+MATH204+MICR202
241001358,ACCT202+ECON201+OPMG302
241001359,FINC301+HUMA001/101 (Room)+HUMA102+MOIT301+OPMG301
241001362,CSCI208+CSCI217+MATH112
241001364,ECE233+ECE241+ECE252+ECE322+MTH215+MTH217
241001370,ECE213+ECE232+ECE233+ECE241+MTH216+MTH217
241001376,ECE213+ECE232+ECE233+ECE241+MTH216+MTH217
241001381,MNG223+MNG241+MNG271+MNG372+MTH216
241001384,CSCI217+MATH112+MATH113/MATH211+MATH201
241001386,BIO205+BIO206+CBIO203+CBIO204+MATH204+MICR202
241001390,ECE213+ECE233+ECE241+ECE252+MTH216+MTH217
241001393,ECE213+ECE233+ECE241+ECE252+MTH216+MTH217
241001397,CSCI212/CSCI221+CSCI217+ECEN101C+MATH113/MATH211
241001401,ECE213+ECE232+ECE233+ECE241+MTH216
241001405,CSCI208+CSCI212/CSCI221+CSCI217+MATH201
241001408,CSCI208+CSCI212/CSCI221+CSCI217+HUMA001/101 (Room)+MATH203
241001413,CSCI207+MATH111+PHYS101C
241001416,CSCI208+CSCI212/CSCI221+CSCI217+MATH203
241001421,CSCI208+CSCI212/CSCI221+CSCI217+MATH210
241001424,CSCI208+CSCI212/CSCI221+CSCI217+HUMA001/101 (Room)+MATH203
241001430,MNG223+MNG232+MNG241+MNG271+MTH216
241001435,ECON201+MGMT303+OPMG301+SSCI102
241001436,CSCI208+CSCI212/CSCI221+CSCI217+MATH203+NSCI102
241001439,CSCI208+CSCI212/CSCI221+CSCI217+MATH203
241001442,ECE213+ECE232+ECE233+ECE241+MTH216+MTH217
241001444,CSCI208+CSCI212/CSCI221+CSCI217+HUMA001/101 (Computer Lab)+MATH203
241001446,CSCI208+CSCI212/CSCI221+CSCI217+ECEN101C+MATH210
241001449,ACCT202+ECON201+MATH201B+MGMT303
241001452,MNG223+MNG232+MNG241+MNG271+MTH216
241001453,ECON201+MATH201B
241001456,BIO102+CBIO203+CBIO204+MATH204
241001457,AIS201+CSCI208+CSCI217+ECEN101C+MATH301I
241001461,MNG223+MNG232+MNG241+MNG271+MTH216
241001469,BIO205+BIO206+CBIO203+CBIO204+MATH204+MICR202
241001471,CSCI208+CSCI212/CSCI221+CSCI217+HUMA102
241001473,BIO205+BIO206+CBIO203+CBIO204+MATH204+MICR202
241001476,FINC301+HUMA001/101 (Computer Lab)+NSCI102+NSCI103+OPMG301
241001477,ECE121+ECE213+ECE232+ECE233+MTH216+MTH217
241001481,ECE121+ECE213+ECE233+ECE252+HUMA001/101 (Room)
241001482,CSCI208+CSCI212/CSCI221+CSCI217+MATH203+MATH210
241001483,CSCI208+CSCI212/CSCI221+CSCI217+ECEN101C
241001487,ECE213+ECE231+ECE232+ECE241+MTH216+MTH217
241001489,CSCI208+CSCI212/CSCI221+CSCI217+HUMA102+MATH210
241001493,ECE213+ECE233+ECE241+ECE252+MTH216+MTH217
241001497,CSCI208+CSCI212/CSCI221+CSCI217+HUMA001/101 (Room)+MATH203
241001498,FINC301+HUMA001/101 (Room)+HUMA102+MGMT303+NSCI103+OPMG301
241001501,CSCI208+CSCI212/CSCI221+CSCI217+MATH203
241001502,MNG223+MNG232+MNG241+MNG271+MTH216
241001504,ECE213+ECE232+ECE233+ECE241+MTH216+MTH217
241001506,BIO205+BIO206+CBIO203+CBIO204+MATH204+MICR202
241001507,ECON201+FINC301+HUMA001/101 (Room)+HUMA102+MOIT301+OPMG301
241001508,CSCI305+CSCI315+CSCI417+CSCI419+CSCI461
241001509,MNG223+MNG232+MNG241+MNG271+MTH216
241001510,ECE213+ECE233+ECE241+ECE252+MTH216+MTH217
241001516,ECE213+ECE233+ECE241+ECE252+MTH216+MTH217
241001518,ACCT202+ECON201+MGMT303+OPMG302
241001519,MNG223+MNG232+MNG241+MNG271+MTH216
241001521,ECE213+ECE233+ECE241+ECE252+MTH216+MTH217
241001522,CSCI208+CSCI212/CSCI221+CSCI217+MATH203
241001526,IND325+MTH113+MTH214+SSCI201
241001528,BIO205+BIO206+CBIO203+CBIO204+MATH204+MICR202
241001532,CSCI112+CSCI205+MATH201
241001537,AIS201+CSCI208+CSCI217+CSCI311+MATH301I
241001538,BIO205+BIO206+CBIO203+CBIO204+MATH204+MICR202
241001539,FINC301+MOIT301
241001540,IND212+IND242+IND252+MTH216
241001546,ECE213+ECE232+ECE233+ECE241+MTH216+MTH217
241001553,ECE213+ECE233+ECE241+ECE252+MTH216+MTH217
241001554,CSCI208+CSCI212/CSCI221+CSCI217+HUMA001/101 (Room)+MATH203
241001559,ECE213+ECE232+ECE233+ECE241+MTH216+MTH217
241001566,CSCI208+CSCI212/CSCI221+CSCI217+HUMA102+MATH203+SSCI102
241001567,ECON201+HUMA001/101 (Room)+HUMA102+MGMT303
241001571,ECE213+ECE233+ECE241+ECE252+MTH216+MTH217
241001573,MATH111+PHYS101C
241001575,MNG223+MNG232+MNG241+MNG271
241001576,MNG223+MNG232+MNG241+MNG271+MTH216
241001580,BSAD401+HUMA001/101 (Room)+HUMA102+MOIT301+NSCI103+OPMG301
241001581,CSCI207+ECEN101C+MATH113/MATH211
241001583,ACCT201+ECON201+MATH201B
241001587,BMD212+CSCI208+CSCI217+HUMA001/101 (Room)+MATH201
241001589,AIS201+CSCI208+CSCI212/CSCI221+CSCI217+MATH203I
241001591,CVL231+CVL311+CVL321+CVL331+CVL451+MTH215
241001592,ECE213+ECE233+ECE241+ECE252+MTH216+MTH217
241001596,ECE213+ECE232+ECE233+ECE241+MTH216+MTH217
241001597,ECE233+ECE241+ECE252+ECE345+INT121+MTH215
241001601,ECE213+ECE232+ECE233+ECE241+MTH216+MTH217
241001602,CSCI207+MATH112+MATH201+PHYS101C
241001605,CSCI208+CSCI212/CSCI221+CSCI217+HUMA001/101 (Room)+MATH201+MATH210
241001607,MEC112+MNG241+MTH113+MTH216+PHY111/PHYS001
241001609,CSCI208+CSCI212/CSCI221+CSCI217+HUMA102+MATH210
241001611,CSCI208+CSCI212/CSCI221+CSCI217+MATH203
241001615,CSCI208+CSCI212/CSCI221+CSCI217+MATH201+MATH203
241001616,BMD212+CSCI208+CSCI217+MATH113/MATH211+MATH201
241001618,CSCI208+CSCI212/CSCI221+CSCI217+HUMA001/101 (Room)+MATH203+MATH210
241001619,ECE213+ECE232+ECE233+ECE241+MTH216+MTH217
241001621,ACCT202+FINC301+MOIT301+OPMG301
241001622,FINC301+HUMA001/101 (Room)+HUMA102+MOIT301+OPMG301
241001623,CSCE101B+MATH110B
241001629,ARC222+ARC233+ARC262
241001631,CSCI208+CSCI212/CSCI221+CSCI217+HUMA001/101 (Room)+MATH203
241001635,MNG223+MNG232+MNG241+MNG271+MTH216
241001638,FINC301+MOIT301+NSCI102+OPMG302
241001642,ECE213+ECE233+ECE241+ECE252+MTH216+MTH217
241001644,MNG223+MNG232+MNG241+MNG271+MTH216
241001645,CSCI208+CSCI212/CSCI221+CSCI217+MATH210+SSCI102
241001647,INT121+MEC112+MNG241+MNG271+MTH216
241001648,BIO205+BIO206+CBIO203+CBIO204+MATH204+MICR202
241001650,ACCT202+FINC301+MOIT301+OPMG302
241001652,APBI101+APBI102+BIO102+CBIO203+MATH204
241001653,BIO205+BIO206+CBIO203+CBIO204+MATH204+MICR202
241001655,CSCI205+CSCI207+CSCI212/CSCI221+HUMA102
241001658,FINC301+MATH201B+MGMT303
241001659,CSCI205+CSCI207+MATH111I+PHYS101C
241001660,APBI102+CBIO203+CBIO204+MATH204
241001662,APBI102+CBIO203+CBIO204+MICR202
241001664,ECE213+ECE232+ECE233+ECE241+MTH216+MTH217
241001668,CSCI205+CSCI207+HUMA001/101 (Room)+MATH113/MATH211
241001670,CSCI208+CSCI212/CSCI221+CSCI217+HUMA102+MATH203
241001672,CSCI207+MATH113/MATH211+PHYS101C
241001673,CBIO203+CBIO204+MATH204+PHY102
241001674,ACCT202+ECON201+HUMA001/101 (Room)+HUMA102+MGMT303
241001676,BMD212+CSCI208+CSCI217+HUMA001/101 (Room)+MATH201+SSCI201
241001677,CSCI208+CSCI212/CSCI221+MATH210
241001679,IND212+IND242+IND252+IND325+MTH216
241001682,FINC301+HUMA001/101 (Room)+HUMA102+MOIT301+OPMG301
241001683,AIS201+CSCI208+CSCI217+CSCI311+MATH203I
241001684,ACCT201+ECON201+MATH201B
241001687,MNG223+MNG232+MNG241+MNG271+MTH216
241001689,CSCI208+CSCI212/CSCI221+CSCI217+ECEN101C+MATH210
241001690,BIO102+CBIO203+CBIO204+PHY102
241001691,CSCI112+MATH111
241001692,CSCI208+CSCI212/CSCI221+CSCI217+MATH203
241001700,ECE213+ECE233+ECE241+ECE252+MTH216+MTH217
241001702,MNG223+MNG232+MNG241+MNG271+MTH216
241001704,ACCT202+FINC301+HUMA001/101 (Room)+HUMA102+OPMG302
241001707,CSCI207+CSCI212/CSCI221+HUMA001/101 (Computer Lab)+MATH112+MATH113/MATH211+MATH201
241001708,AIS201+CSCI208+CSCI217+CSCI311+HUMA001/101 (Room)+SSCI201
241001709,MATH201B+MOIT301+NSCI102
241001713,BMD212+CSCI208+CSCI217+HUMA001/101 (Computer Lab)+MATH201+SSCI201
241001718,CSCI208+CSCI212/CSCI221+CSCI217+MATH201
241001720,ECE213+ECE231+ECE241+ECE252+MTH216+MTH217
241001721,ECE213+ECE233+ECE241+ECE252+MTH216+MTH217
241001722,ECE213+ECE233+ECE241+ECE252+MTH216+MTH217
241001725,INT121+MEC111+MTH112+PHY112
241001726,FINC301+HUMA001/101 (Room)+HUMA102+MOIT301+NSCI103+OPMG301
241001727,ECE231+ECE241+ECE252+MTH215
241001731,CSCI208+CSCI212/CSCI221+CSCI217+HUMA001/101 (Room)+MATH203+NSCI102
241001734,AIS201+CSCI208+CSCI212/CSCI221+CSCI217+MATH203I
241001738,CSCI208+CSCI212/CSCI221+CSCI217+HUMA001/101 (Room)+MATH203
241001740,FINC301+HUMA001/101 (Room)+MOIT301+SSCI102
241001741,CSCI208+CSCI212/CSCI221+CSCI217+HUMA001/101 (Room)+MATH112
241001743,ECE213+ECE232+ECE233+ECE241+MTH216+MTH217
241001744,FINC305+MGMT402+OPMG301+OPMG303+OPMG405+OPMG420
241001748,ECE151+MEC112+MTH111+PHY111/PHYS002
241001750,CSCI208+CSCI212/CSCI221+CSCI217+CSCI322+MATH203
241001757,MNG223+MNG232+MNG241+MNG271+MTH216
241001760,MNG223+MNG271+MNG321+MNG372+MTH215
241001761,ECE213+ECE232+ECE233+ECE241+MTH216+MTH217
241001763,ECE213+ECE233+ECE241+ECE252+MTH216+MTH217
241001764,CSC102/CSCI102+HUMA001/101 (Room)+PHYS101C
241001767,ECE213+ECE233+ECE241+ECE252+MTH216
241001773,MNG223+MNG232+MNG241+MNG271+MTH216
241001777,FINC301+HUMA001/101 (Room)+HUMA102+MATH201B
241001783,CSCI208+CSCI212/CSCI221+CSCI217+MATH201
241001784,CSCI205+CSCI207+PHYS101C+SSCI201
241001786,CSCI208+CSCI212/CSCI221+CSCI217+ECEN101C
241001787,BIO205+BIO206+CBIO203+MICR202
241001788,FINC301+HUMA001/101 (Room)+HUMA102+MOIT301+OPMG301
241001789,CSCI208+CSCI212/CSCI221+CSCI217+ECEN101C
241001792,CSCI208+CSCI212/CSCI221+CSCI217+MATH112
241001796,BIO205+BIO206+CBIO203+CBIO204+MATH204+MICR202
241001799,BIO205+BIO206+CBIO203+CBIO204+MATH204+MICR202
241001800,CSCI208+CSCI212/CSCI221+CSCI217+HUMA001/101 (Room)+MATH203+MATH210
241001802,ACCT201+ECON201+MATH201B
241001803,CSCI212/CSCI221+CSCI217+MATH113/MATH211+MATH201
241001804,CSCI112+CSCI205
241001805,ACCT201+ECON201+MATH201B
241001810,CSCI208+CSCI212/CSCI221+CSCI217+ECEN101C+MATH210+SSCI102
241001820,ECE213+ECE232+ECE233+ECE241+MTH216+MTH217
241001821,CSCI207+HUMA102+MATH112+PHYS101C
241001826,IND325+MTH112+MTH113
241001828,CSC102/CSCI102+MATH112+PHYS101C
241001829,CSCI208+CSCI212/CSCI221+CSCI217+MATH203
241001830,CVL211+CVL231+CVL331+HUMA111
241001833,MNG223+MNG232+MNG241+MNG271+MTH216
241001837,CSCI208+CSCI212/CSCI221+CSCI217+HUMA102+MATH203
241001838,MNG223+MNG232+MNG241+MNG271+MTH216
241001840,CSCI208+CSCI212/CSCI221+CSCI217+ECEN101C
241001842,CSCI208+CSCI212/CSCI221+CSCI217+MATH203+MATH301
241001843,ECE213+ECE232+ECE233+ECE241+MTH216+MTH217
241001847,CSCI208+CSCI212/CSCI221+CSCI217+ECEN101C
241001848,ECE213+ECE241+ECE252+MTH216+MTH217
241001851,ACCT202+ECON201+HUMA001/101 (Room)+HUMA102+OPMG302
241001858,CSCI207+ECEN101C+MATH112+MATH113/MATH211
241001862,ECE213+ECE232+ECE233+ECE241+MTH216+MTH217
241001863,ECE213+ECE231+ECE241+ECE252+MTH216+MTH217
241001865,CSCI208+CSCI217+CSCI322+HUMA001/101 (Room)+MATH203+MATH210
241001866,CSCI208+CSCI217+CSCI322+HUMA102+MATH203+MATH301
241001867,ECE213+ECE233+ECE241+ECE252+MTH216+MTH217
241001868,ECE121+ECE151+ECE231+MTH215
241001869,CSCI208+CSCI217+CSCI322+HUMA001/101 (Room)+MATH203+MATH210
241001872,ECE213+ECE232+ECE233+ECE241+MTH216+MTH217
241001874,BMD212+CSCI205+CSCI208+CSCI217+MATH201
241001877,CSCI208+CSCI212/CSCI221+CSCI217+MATH201
241001878,CSCI208+CSCI212/CSCI221+CSCI217+HUMA001/101 (Room)+MATH203
241001880,CSCI208+CSCI212/CSCI221+CSCI217+MATH201+MATH203
241001884,ECE151+MNG223+MNG232+MNG241+MNG271+MTH216
241001893,ECE151+MTH112+SSCI102
241001896,BIO205+BIO206+CBIO203+MICR202
241001897,CSCI207
241001898,CSCI208+CSCI212/CSCI221+CSCI217+MATH201+MATH210
241001900,ECE121+ECE213+ECE232+ECE233+MTH216+MTH217
241001901,CSCI208+CSCI212/CSCI221+CSCI217+HUMA001/101 (Room)+MATH203+MATH210
241001902,ECE213+ECE231+ECE241+ECE252+ECE471+MTH216
241001903,ACCT202+MGMT303+OPMG302
241001904,CSCI208+CSCI212/CSCI221+CSCI217+MATH201+MATH210
241001905,CSCI208+CSCI212/CSCI221+CSCI217+MATH203+NSCI102
241001908,CSCI205+CSCI212/CSCI221+ECEN101C+MATH201
241001910,CSCI208+CSCI212/CSCI221+CSCI217+MATH203+MATH210
241001912,MEC112+MTH113+MTH214+MTH215
241001913,FINC301+HUMA001/101 (Room)+HUMA102+MGMT303+NSCI103+OPMG301
241001917,ECE213+ECE232+ECE233+ECE241+MTH216+MTH217
241001918,CSCI208+CSCI212/CSCI221+CSCI217+HUMA102+MATH203
241001920,BIO205+BIO206+CBIO203+CBIO204+MATH204+MICR202
241001921,CSCI112+CSCI205+MATH111I+PHYS101C
241001924,CSCI208+CSCI212/CSCI221+CSCI217+MATH203
241001926,CSCI205+CSCI208+CSCI212/CSCI221+CSCI217+ECEN101C+MATH210
241001928,ARC111+ARC161+ARC222+ARC233
241001929,CBIO203+CBIO204+MATH204
241001930,ECE213+ECE232+ECE233+ECE241+MTH216+MTH217
241001933,ECE151+MEC112+MNG223+MNG232+MTH215
241001934,MNG223+MNG232+MNG241+MNG271+MTH216
241001938,FINC301+HUMA001/101 (Room)+HUMA102+MOIT301+OPMG301
241001940,ECE213+ECE233+ECE241+ECE252+MTH216+MTH217
241001941,ECE213+ECE233+ECE241+ECE252+MTH217
241001943,CSCI208+CSCI212/CSCI221+CSCI217+HUMA001/101 (Room)+MATH203
241001947,ARC233+ARC251+ARC262+CVL213
241001949,MNG223+MNG232+MNG241+MNG271+MTH216
241001950,MNG223+MNG232+MNG241+MNG271+MTH216
241001958,BMD212+CSCI208+CSCI217+HUMA001/101 (Computer Lab)+MATH201
241001959,FINC301+HUMA001/101 (Room)+HUMA102+MOIT301+OPMG301
241001961,FINC301+HUMA001/101 (Room)+HUMA102+MOIT301+OPMG301
241001962,ECE213+ECE232+ECE233+ECE241+MTH216+MTH217
241001965,CSCI208+CSCI212/CSCI221+CSCI217+MATH210
241001967,BIO205+BIO206+CBIO203+CBIO204+MATH204+MICR202
241001968,ACCT201+NSCI102+OPMG302
241001969,CSCI208+CSCI212/CSCI221+CSCI217+ECEN101C
241001972,CSCI208+CSCI212/CSCI221+CSCI217+HUMA102+MATH203+MATH210
241001973,MNG223+MNG232+MNG241+MNG271+MTH216
241001974,BIO205+BIO206+CBIO203+CBIO204+MATH204+MICR202
241001975,ECE121+ECE252+MTH113+MTH215+MTH217
241001977,CSCI112+MATH113/MATH211+MATH201+PHYS101C
241001978,CSCI208+CSCI212/CSCI221+CSCI217+HUMA001/101 (Room)+MATH203
241001979,CSCI208+CSCI212/CSCI221+CSCI217+ECEN101C+MATH210
241001981,CSCI208+CSCI212/CSCI221+CSCI217+HUMA001/101 (Room)+MATH203
241001985,MNG223+MNG232+MNG241+MNG271+MTH216
241001988,FINC301+MGMT303+NSCI103+OPMG301
241001990,MNG223+MNG232+MNG241+MNG271+MTH216
241001991,MNG223+MNG232+MNG241+MNG271+MTH216
241001992,FINC301+NSCI102+OPMG301+SSCI102
241001993,IND212+IND242+IND252+IND325+MTH216
241001997,MNG223+MNG232+MNG241+MNG271+MTH216
241002002,ECE213+ECE232+ECE233+ECE241+MTH216+MTH217
241002011,FINC301+HUMA001/101 (Room)+HUMA102+MOIT301+OPMG301
241002013,BIO205+BIO206+CBIO203+MICR202
241002014,CSCI208+CSCI212/CSCI221+CSCI217+MATH210
241002015,CSCI208+CSCI212/CSCI221+CSCI217+MATH203+MATH210
241002016,MNG223+MNG232+MNG241+MNG271+MTH216
241002017,APBI101+BIO102+MATH102+PHY102
241002018,CSCI208+CSCI212/CSCI221+CSCI217+MATH112
241002019,CSCI208+CSCI212/CSCI221+CSCI217+HUMA102+MATH210
241002023,CSCI208+CSCI212/CSCI221+CSCI217+HUMA001/101 (Room)+MATH210
241002028,ECE213+ECE231+ECE232+ECE241+MTH216+MTH217
241002029,CSCI208+CSCI212/CSCI221+CSCI217+HUMA001/101 (Room)+MATH203
241002030,INT121+MEC111+MTH111
241002033,ECE121+ECE231+INT121+MTH215
241002035,BMD101+BMD102+CSCI212/CSCI221+CSCI217+MATH113/MATH211+MATH201
241002036,ECE213+ECE232+ECE233+ECE241+ECE338+MTH216
241002037,MNG232+MNG271+MTH215
241002039,MNG223+MNG232+MNG241+MNG271+MTH216
241002041,AIS201+CSCI208+CSCI217+CSCI311+MATH301I
241002043,HUMA001/101 (Room)+MATH110B
241002044,HUMA001/101 (Room)+MATH110B+MGMT201
241002045,CSCI207+ECEN101C+MATH112+MATH113/MATH211+MATH201
241002046,AIS201+CSCI208+CSCI217+CSCI311+CSCI322+MATH203I
241002051,CSCI208+CSCI212/CSCI221+CSCI217+HUMA001/101 (Room)+MATH203+MATH210
241002053,ECE151+INT121+MEC112+PHY111/PHYS002
241002055,BIO205+BIO206+CBIO203+CBIO204+MATH204+MICR202
241002056,ECE213+ECE233+ECE241+ECE252+MTH216+MTH217
241002066,CSCI208+CSCI212/CSCI221+CSCI217+HUMA001/101 (Room)+MATH203+NSCI102
241002067,CSCI212/CSCI221+CSCI217+MATH113/MATH211
241002068,ACCT202+ECON201+FINC301+OPMG302
241002070,MNG232+MNG241+MNG271+MTH216
241002071,AIS201+CSCI217+ECEN101C+MATH203I
241002072,MTH112+MTH113+MTH214
241002073,CSCI208+CSCI212/CSCI221+CSCI217+HUMA001/101 (Room)+MATH203+MATH210
241002077,ECE121+ECE231+ECE232+ECE241+ECE338+MTH216
241002078,BMD212+CSCI208+CSCI217+CSCI322+HUMA001/101 (Room)+MATH301I
241002079,ECON201+FINC301+HUMA001/101 (Room)+HUMA102+OPMG301+SSCI102
241002082,ECE213+ECE231+ECE232+ECE241+MTH216+MTH217
241002084,MNG223+MNG232+MNG241+MNG271+MTH216
241002087,APBI410+CBIO203+CBIO305+CBIO312+MATH102
241002089,CSCI207+CSCI212/CSCI221+MATH201
241002092,AIS201+CSCI208+CSCI212/CSCI221+CSCI217+CSCI322+HUMA001/101 (Room)+MATH203I
241002094,CSCI208+CSCI212/CSCI221+CSCI217+MATH201
241002095,ECON201+MATH110B+MGMT201+MOIT301
241002096,ACCT202+ECON201+MGMT303+MOIT301+NSCI102
241002100,BMD212+CSCI208+CSCI217+HUMA001/101 (Room)+MATH201+SSCI201
241002101,CSCI208+CSCI212/CSCI221+CSCI217+HUMA001/101 (Room)+MATH201+MATH203
241002102,CSCI208+CSCI212/CSCI221+CSCI217+HUMA001/101 (Room)+MATH203
241002107,CSCI207+CSCI212/CSCI221+HUMA001/101 (Computer Lab)+MATH203
241002108,CSCI208+CSCI212/CSCI221+CSCI217+HUMA001/101 (Room)+MATH203
241002109,FINC301+MOIT301+OPMG302
241002110,ECE213+ECE231+ECE241+ECE252+MTH216+MTH217
241002112,BIO205+BIO206+CBIO203+MICR202
241002116,ECE213+ECE233+ECE241+ECE252+MTH217
241002117,ECE121+ECE213+ECE231+ECE252+MTH216+MTH217
241002118,BIO205+BIO206+CBIO203+CBIO204+MATH204+MICR202
241002119,MTH112+MTH113+MTH214+PHY111/PHYS001
241002121,ECE121+ECE231+MTH214
241002122,CSCI207+ECEN101C+MATH301I
241002123,CSCI208+CSCI212/CSCI221+CSCI217+MATH210
241002124,FINC301+HUMA001/101 (Room)+HUMA102+MOIT301+OPMG301
241002127,ECE241+ECE252+MTH112+MTH113
241002128,ECE231+MTH113+MTH216+MTH217+PHY111
241002129,ECE213+ECE233+ECE241+ECE252+MTH113+MTH217
241002134,CSCI208+CSCI212/CSCI221+CSCI217+MATH203
241002140,ECE213+ECE231+ECE241+ECE252+MTH216+MTH217
241002152,INT121+MEC111+MTH111+PHY112
241002154,FINC301+HUMA001/101 (Room)+HUMA102+MOIT301+OPMG301
241002157,ARC222+ARC233+ARC251+ARC262+CVL213
241002158,CSCI207+CSCI212/CSCI221+ECEN101C
241002159,CSCI212/CSCI221+CSCI217+MATH112+MATH201
241002160,FINC301+MOIT301+OPMG302
241002166,ECON201+MATH201B+SSCI102
241002167,HUMA001/101 (Room)+MATH201B
241002171,BSAD401+FINC301+HUMA001/101 (Room)+HUMA102+OPMG301
241002173,CSCI208+CSCI212/CSCI221+CSCI217+ECEN101C+HUMA001/101 (Room)+HUMA102
241002175,ARC222+ARC233+ARC251+ARC262+CVL213
241002181,BIO102+CBIO203+CBIO204+CHM102
241002182,CSCI212/CSCI221+CSCI217+MATH113/MATH211+MATH201
241002186,CSCI207+CSCI212/CSCI221+ECEN101C+MATH112
241002187,ACCT202+ECON201+MOIT301+OPMG302
241002193,ECE233+ECE241+ECE252+MTH215+MTH217
241002204,FINC301+MOIT301+NSCI102+OPMG301
241002206,CSCI207+MATH203+PHYS101C
241002210,ARC222+ARC233+ARC251+ARC262+CVL213
241002211,CSCI208+CSCI212/CSCI221+CSCI217+MATH203+SSCI102
241002222,CSCI205+CSCI208+CSCI212/CSCI221+CSCI217+MATH210
241002223,CSCI208+CSCI212/CSCI221+CSCI217
241002226,BIO205+BIO206+CBIO203+MICR202
241002227,MATH110B+MGMT303+MOIT301
241002230,CSC101/CSC111+CSCI112+PHYS101C
241002237,CSCI208+CSCI212/CSCI221+CSCI217+HUMA001/101 (Room)+HUMA102+MATH203
241002239,CSCI205+CSCI207+CSCI212/CSCI221
241002240,FINC301+HUMA001/101 (Room)+HUMA102+MOIT301+SSCI102
241002241,FINC301+HUMA001/101 (Room)+HUMA102+MOIT301+SSCI102
241002244,MENG327+MNG232+MNG321+MNG363
241002246,CSCI208+CSCI212/CSCI221+CSCI217+HUMA001/101 (Room)+MATH203
241002247,CSCI208+CSCI212/CSCI221+CSCI217+MATH201+MATH210
241002249,CSCI208+CSCI212/CSCI221+CSCI217+MATH203
241002250,MATH110B+NSCI102
241002252,CVL231+CVL311+CVL321+CVL331+MTH215
241002254,CSCI207+ECEN101C+MATH111
241002256,ACCT201+MOIT301
241002258,CSCI205+CSCI207+CSCI212/CSCI221+ECEN101C
241002259,BIO205+BIO206+CBIO203+CBIO204+MATH204+MICR202
241002264,CSCI205+CSCI208+CSCI212/CSCI221+CSCI217+ECEN101C
241002265,CSC101/CSC111+HUMA001/101 (Room)
241002281,ARC222+ARC233+ARC251+ARC262+CVL213
241002282,ECE213+ECE231+ECE241+ECE252+MTH216+MTH217
241002284,CSCI207+CSCI212/CSCI221+HUMA001/101 (Room)+MATH210
241002286,BMD212+CSCI208+CSCI212/CSCI221+CSCI217+MATH201
241002287,BSAD401+FINC301+HUMA001/101 (Room)+MOIT301+NSCI102+OPMG301
241002290,BIO205+BIO206+CBIO203+MICR202
241002291,FINC301+HUMA001/101 (Room)+HUMA102+MOIT301+OPMG301
241002296,ECE241+ECE252+MTH112+MTH113
241002308,CSCI205+MATH112+MATH113/MATH211
241002310,BMD212+CSCI205+CSCI208+CSCI217+HUMA001/101 (Computer Lab)+MATH201
241002311,BMD212+CSCI208+CSCI217+HUMA001/101 (Room)+MATH201+SSCI201
241002312,CSCI208+CSCI217+MATH112+MATH201
241002316,CSCI208+CSCI212/CSCI221+CSCI217+MATH203
241002322,CSC102/CSCI102+MATH100
241002324,ACCT202+MOIT301+OPMG302
241002327,ARC222+ARC233+ARC251+ARC262
241002333,CSCI208+CSCI212/CSCI221+CSCI217+HUMA102+MATH210
241002342,CSCI207+ECEN101C+MATH111
241002344,CSCI205+CSCI208+CSCI212/CSCI221+CSCI217
241002351,BIO205+BIO206+CBIO203+MATH204
241002353,BIO205+BIO206+CBIO203+CBIO204+MATH204+MICR202
241002356,MNG223+MNG232+MNG241+MNG271+MTH216
241002357,BIO205+BIO206+CBIO203+MATH204
241002362,CSC102/CSCI102+PHYS101C+SSCI102
241002364,CSCI208+CSCI212/CSCI221+CSCI217+HUMA102+MATH203
241002365,ECE232+ECE314+ECE315+ECE338+ECE346+ECE424
241002367,ECE213+ECE231+ECE241+ECE252+ECE338+MTH216
241002370,MNG223+MNG232+MNG241+MNG271+MTH216
241002371,CSCI212/CSCI221+CSCI217+ECEN101C+MATH112
241002373,BIO205+BIO206+CBIO203+CBIO204+MATH204+MICR202
241002380,FINC301+HUMA001/101 (Room)+HUMA102+MOIT301+OPMG301
241002382,CSCI208+CSCI212/CSCI221+CSCI217+MATH210
241002387,BMD102+CSCI207+CSCI217+MATH201
241002388,CSCI208+CSCI212/CSCI221+CSCI217+HUMA102+MATH203+MATH210
241002393,BIO102+CBIO203+CBIO204+MATH204
241002395,BMD212+CSCI205+CSCI208+CSCI217+MATH201
241002396,FINC301+MOIT301+OPMG301
241002397,MNG223+MNG232+MNG241+MNG271+MTH216
241002412,APBI101+CBIO203+CBIO204+MATH204+MICR202
241002414,CSCI205+CSCI207+MATH112+PHYS101C
241002423,CSCI207+HUMA001/101 (Computer Lab)+HUMA102+MATH201+MATH203
241002424,CSCI208+CSCI212/CSCI221+CSCI217+HUMA001/101 (Room)+MATH201+MATH203
241002425,FINC301+HUMA001/101 (Room)+HUMA102+MGMT303+NSCI103+OPMG301
241002428,MKTG302+MKTG303+MKTG304+MKTG307+MKTG401+NSCI102+NSCI103
241002431,CSCI207+CSCI212/CSCI221+MATH210
241002438,CSCI208+CSCI212/CSCI221+CSCI217+MATH203
241002439,ACCT201+ECON201+MGMT201+MOIT301
241002440,CSCI207+CSCI212/CSCI221+HUMA001/101 (Room)+HUMA102+MATH113/MATH211+MATH201
241002451,CSCI207+ECEN101C+MATH112+MATH113/MATH211+MATH201
241002454,CSCE101B+MATH110B+MGMT201
241002457,BSAD401+FINC305+MGMT303+NSCI103+OPMG301
241002460,BMD102+CSCI208+CSCI217+CSCI322+HUMA001/101 (Room)
241002463,CSCI208+CSCI212/CSCI221+CSCI217+HUMA102+MATH203
241002466,CSCI208+CSCI212/CSCI221+CSCI217+HUMA102
241002470,BIO102+CBIO203+CBIO204+MATH204
241002471,CSCI208+CSCI212/CSCI221+CSCI217+HUMA102+MATH203
241002473,APBI101+BIO102+CBIO203+CBIO204
241002474,CSCI207+CSCI212/CSCI221+CSCI217+ECEN101C
241002475,BIO102+CBIO203+CBIO204+MATH204
241002476,BIO205+BIO206+CBIO203+MICR202
241002479,CSCI208+CSCI212/CSCI221+CSCI217+HUMA001/101 (Room)+MATH203
241002481,ECON201+FINC301+HUMA001/101 (Computer Lab)+HUMA102+MOIT301+OPMG302
241002482,CSCI208+CSCI212/CSCI221+CSCI217+HUMA001/101 (Room)+MATH203
241002483,BSAD401+FINC301+HUMA001/101 (Room)+HUMA102+OPMG301
241002484,ACCT301+OPMG301+SSCI102
241002486,ACCT202+HUMA001/101 (Room)+HUMA102+MOIT301+OPMG302+SSCI102
241002488,CSCI208+CSCI212/CSCI221+HUMA001/101 (Room)+MATH112+MATH201
241002491,CSCI205+CSCI207+PHYS101C
241002498,APBI102+CBIO203+CBIO204+MATH204+MICR202
241002505,BIO205+BIO206+CBIO203+CBIO204+MATH204+MICR202
241002506,AIS201+CSCI217+ECEN101C
241002507,APBI304+CBIO203+CBIO204+MATH204+MICR202+PHY102
241002508,FINC301+HUMA102+NSCI103+OPMG301
241002515,FINC301+HUMA001/101 (Room)+HUMA102+MOIT301+OPMG301
241002516,APBI101+APBI102+CBIO203+CBIO204+MATH204
241002518,ECE213+ECE231+ECE241+ECE252+MTH216+MTH217
241002520,APBI102+CBIO203+CBIO204
241002521,CSCI207+MATH111+PHYS101C+SSCI102
241002522,BSAD401+FINC301+MGMT303+NSCI103+OPMG301
241002523,BIO205+BIO206+CBIO203+CBIO204+MATH204+MICR202
241002524,CSCI112+CSCI205+MATH100
241002525,FINC301+HUMA001/101 (Room)+HUMA102+NSCI102+OPMG301
241002526,CSCI208+CSCI212/CSCI221+CSCI217+HUMA001/101 (Room)+MATH203
241002528,ARC233+ARC251+ARC262
241002530,CSCI207+CSCI212/CSCI221+MATH113/MATH211
241002531,APBI101+BIO102+CBIO203+CHM102
241002538,APBI102+APBI304+CBIO203+CBIO204
241002539,ECE231+ECE241+ECE252+ECE322+MTH216+MTH217
241002541,FINC301+HUMA001/101 (Room)+HUMA102+MGMT303+MOIT301+OPMG301
241002543,CSCE101B+ECON201+HUMA001/101 (Room)+HUMA102+OPMG302
241002545,CSCI217+MATH112+MATH201
241002546,BIO205+BIO206+CBIO203+MICR202
241002557,FINC301+HUMA102+NSCI103+OPMG301
241002558,CSCI207+CSCI212/CSCI221+HUMA001/101 (Computer Lab)+MATH203+MATH210
241002559,ACCT202+ECON201+MOIT301
241002560,BMD102+HUMA001/101 (Room)+MATH111I+PHYS101C
241002564,CSCI205+CSCI217+ECEN101C+MATH201
241002565,BIO102+CBIO203+CBIO204+MATH204
241002568,BSAD401+FINC305+HUMA001/101 (Room)+HUMA102+MGMT303+OPMG301
241002579,CSCI205+CSCI212/CSCI221+ECEN101C+HUMA102+MATH201
241002582,AIS201+CSCI212/CSCI221+CSCI217+MATH201+MATH301I
241002584,ACCT202+ECON201+HUMA001/101 (Room)+HUMA102+OPMG302
241002586,AIS201+CSCI208+CSCI212/CSCI221+CSCI217+MATH201+MATH301I
241002589,BIO205+BIO206+CBIO203+MICR202
241002590,CSCI208+CSCI212/CSCI221+CSCI217+MATH210
241002592,CSC102/CSCI102+MATH100+PHYS101C
241002593,ARC222+ARC233+ARC251+ARC262
241002595,CSCI208+CSCI212/CSCI221+CSCI217+HUMA001/101 (Room)+MATH201+MATH203
241002597,ECON201+HUMA001/101 (Room)+MOIT301+OPMG301
241002602,CSCI208+CSCI212/CSCI221+CSCI217+HUMA001/101 (Room)+MATH203+NSCI102
241002603,CSCI205+CSCI207+MATH111+PHYS101C
241002606,CSCI207+ECEN101C+MATH112+MATH113/MATH211+MATH201
241002607,ECE231+ECE241+MTH215+MTH217
241002608,CSCI208+CSCI212/CSCI221+ECEN101C+MATH210
241002609,BIO102+CBIO203+CHM102
241002612,ACCT202+MOIT301+OPMG302
241002615,IND252+IND325+MTH112
241002616,ACCT201+HUMA001/101 (Room)+HUMA102
241002620,CBIO203+CBIO204+MATH204+MICR202
241002622,ARC222+ARC233+ARC251+ARC262+CVL213
241002624,BIO102+CHM102+PHY102
241002626,ACCT202+HUMA001/101 (Room)+HUMA102+MOIT301+OPMG302
241002627,MNG223+MNG232+MNG271+MTH215
241002635,MEC111+MTH111+MTH214+PHY111
241002638,CSCI205+CSCI207+ECEN101C+MATH112+MATH113/MATH211
241002656,ECE121+ECE252+MTH214+MTH215
241002687,FINC301+HUMA001/101 (Computer Lab)+MGMT303+MOIT301
241002692,HUMA001/101 (Computer Lab)+HUMA102+MOIT301+OPMG302
241002703,BSAD401+FINC305+MGMT303+NSCI103+OPMG301
242000004,ACCT201+ECON201+MATH201B+MGMT303
242000008,CSCI207+CSCI212/CSCI221+MATH201+MATH203
242000009,BIO205+BIO206+CBIO203+CBIO204+MICR202
242000010,CSCI207+ECEN101C+MATH112+MATH113/MATH211+MATH201
242000011,APBI304+CBIO203+MATH102+MICR202
242000012,CSCI205+CSCI207+MATH201
242000014,ACCT201+MATH201B+MGMT303
242000024,BIO205+BIO206+CBIO203+CBIO204+MICR202
242000027,CSCI207+MATH113/MATH211+MATH201+MATH210
242000040,APBI101+BIO102+CBIO203+CHM102
242000044,ECON201+MATH201B
242000045,ECE151+ECE213+ECE233+MTH113+MTH216
242000048,HUMA001/101 (Room)+MATH201B+MGMT303
242000053,CSCI207+ECEN101C+MATH112+MATH113/MATH211+MATH201
242000056,MEC111+MTH112+MTH113+MTH214+PHY111
242000058,CSCI208+CSCI212/CSCI221+MATH201+MATH210
242000059,CSCI207+MATH111+PHYS101C
251000014,ECE121+ECE151+MTH113+PHY112
251000015,CSC103+HUMA111+MATH121
251000016,ECE121+ECE151+MEC111+MTH113+PHY112
251000018,CSC103+MATH113/MATH211+MATH121+PHYS101C
251000020,ARC111+ARC161+ECE151+HUM103+MTH113
251000024,ARC111+ARC161+HUM103
251000025,CSC103+HUMA111+MATH113/MATH211+MATH121+PHYS101C
251000027,ACCT201+ECON201+MATH201B
251000028,ACCT201+ECON201+MATH201B
251000029,ECE121+ECE151+MTH111+PHY112
251000030,ECE151+MEC112+MTH112+MTH113+PHY112
251000031,ECE151+MEC112+PHY111/PHYS002
251000037,ECE121+ECE151+MTH113+PHY111
251000038,CSC103+MATH121+PHYS101C
251000040,ECE151+MEC111+PHY111/PHYS002
251000041,ECE151+INT111+MEC111+PHY112
251000043,ECE151+MEC111+MTH113+PHY111
251000044,ECE121+ECE151+INT121+MTH112+MTH113+PHY112
251000045,ACCT201+ECON201+MATH201B
251000047,ECE121+ECE151+HUMA111+MTH112+MTH113+PHY112
251000053,APBI101+APBI102+BIO102+CHM102+MATH102+PHY102
251000054,ECE121+ECE151+MTH111+MTH113+PHY112
251000056,ARC111+ARC161+HUM103
251000057,CSC103+ECEN111+HUMA111+MATH113/MATH211+MATH122
251000058,ACCT201+ECON201+MATH201B
251000060,CSC103+ECEN111+HUMA111+MATH113/MATH211+MATH122
251000068,ACCT201+CSCE101B+MATH201B
251000072,CSC103+HUMA111+MATH113/MATH211+MATH121+PHYS101C
251000073,INT121+MEC112+MTH112+PHY112
251000076,ECE151+INT121+MATH100+MTH113
251000077,CSC103+ECEN111+HUMA111+MATH113/MATH211+MATH121
251000078,CSC103+HUMA111+MATH113/MATH211+MATH121+PHYS101C
251000079,ARC111+ARC161+ECE151+HUM103+MEC111
251000085,ACCT201+ECON201+MATH201B
251000086,ECE151+INT121+MEC112+MTH112+MTH113+PHY112
251000092,ECE151+HUMA001/101 (Room)+MEC112+MTH112+MTH113+PHY112
251000093,ECE151+MEC111+MTH112+MTH113+PHY111/PHYS002
251000094,BMD101+BMD102+CSC103+MATH121+PHYS101C
251000095,ACCT201+ECON201+MATH201B
251000096,ECE121+ECE151+INT121+MTH112+MTH113+PHY112
251000097,ACCT201+CSCE101B+ECON201+MATH201B
251000098,ECE151+MEC111+MTH113+PHY111
251000099,ECE151+MEC111+MTH113+PHY112
251000100,ECE151+MEC112+MTH112+MTH113+PHY112
251000101,ARC111+ARC161+ECE151+HUM103+MTH113
251000102,ECE121+ECE151+INT121+MTH112+MTH113+PHY112
251000104,ACCT201+ECON201+MATH201B
251000105,ARC111+ARC161+HUM103
251000106,CSC103+HUMA111+MATH113/MATH211+MATH121+PHYS101C
251000109,APBI101+BIO102+CHM102+MATH102
251000111,ECE121+ECE151+INT121+MTH112+MTH113+PHY112
251000113,ECE121+ECE151+INT121+MTH112+MTH113+PHY112
251000116,INT121+MEC111+MTH112+PHY111
251000118,CSC103+ECEN111+MATH113/MATH211+MATH122
251000120,ECE151+MEC112+MTH112+MTH113+PHY112
251000121,ACCT201+ECON201+MATH201B+MOIT301
251000125,ACCT201+ECON201+MATH201B
251000129,ACCT201+ECON201+MATH201B
251000131,ACCT201+ECON201+MATH201B
251000133,ECE151+MEC111+MTH111+MTH113+MTH214+PHY112
251000135,ACCT201+CSCE101B+ECON201+MATH201B
251000138,CSC103+ECEN111+HUMA111+MATH113/MATH211+MATH122
251000139,CSC103+ECEN111+HUMA111+MATH113/MATH211+MATH122
251000140,ECE151+MEC112+MTH112+MTH113+PHY112
251000145,CSC103+ECEN111+MATH113/MATH211+MATH122
251000147,ACCT201+ECON201+MATH201B
251000151,ECE121+ECE151+INT121+MTH112+MTH113+PHY112
251000152,ECE121+ECE151+MTH113+PHY112
251000153,ECE121+ECE151+INT121+MTH112+MTH113+PHY112
251000157,ECE121+ECE151+MTH112+MTH113+PHY112
251000158,MEC111+PHY111/PHYS002
251000160,ECE121+ECE151+MEC111+MTH111+MTH113+PHY112
251000161,ECE121+ECE151+INT121+MTH112+MTH113+PHY112
251000164,ACCT201+ECON201+MATH201B+MOIT301
251000166,ECE121+ECE151+MTH112+PHY112
251000168,ACCT201+ECON201+MATH201B+MOIT301
251000169,CSC103+ECEN111+HUMA111+MATH113/MATH211+MATH122
251000171,ACCT201+ECON201+MATH201B
251000172,CSC103+HUMA111+HUMA203+MATH100
251000174,ARC111+ARC161+ECE151+HUM103+MEC111
251000175,ARC111+ECE151+HUM103+INT121
251000176,ECE121+ECE151+PHY112
251000177,CSC103+ECEN111+HUMA111+MATH113/MATH211+MATH122
251000180,ACCT201+ECON201+MATH201B+MGMT201
251000188,APBI101+APBI102+BIO102+CHM102+MATH102+PHY102
251000190,ECE151+MEC112+MTH112+MTH113+PHY112
251000192,ECE121+ECE151+MTH112+PHY112
251000193,CSC103+HUMA111+MATH113/MATH211+MATH121+PHYS101C
251000196,ARC111+ARC161+ECE151+HUM103+MTH113
251000204,ECE121+ECE151+MEC111+MTH111+MTH113+PHY112
251000205,CSC101/CSC111+CSC102/CSCI102+MATH100
251000206,ECE151+INT121+MATH100+MTH113+PHY112
251000207,ECE121+ECE151+INT111+INT121+PHY112
251000208,ECE121+ECE151+INT111+INT121+PHY112
251000211,CSC103+HUMA111+MATH113/MATH211+MATH121+PHYS101C
251000214,ECE151+MEC111+PHY111+PHY112
251000215,ECE151+MEC111+MTH111+PHY112
251000216,ACCT201+MATH201B+MOIT301
251000217,ECE121+ECE151+INT121+MTH112+MTH113+PHY112
251000218,ECE151+MEC111+MTH111+MTH113+MTH214+PHY112
251000220,ACCT201+MATH201B+MGMT201
251000222,CSC102/CSCI102+HUMA111+MATH100
251000223,ARC111+HUM103+INT121+PHY111
251000225,ECE121+ECE151+MTH112+PHY111/PHYS002
251000227,ACCT201+ECON201+MATH201B
251000228,ARC111+ARC161+ECE151+HUM103+MEC111
251000229,ECE151+INT111+INT121+MATH100
251000230,ECE151+MEC111+MTH111+MTH113+PHY112
251000231,CHM111+ECE151+INT121+MEC111+MTH111
251000232,CSC103+HUMA111+MATH113/MATH211+MATH121+PHYS101C
251000234,ECE151+MEC111+MTH111
251000235,ECE121+ECE151+MTH111+MTH113+PHY112
251000236,ECE151+MEC111+MTH111+MTH113+PHY112
251000237,ECE121+ECE151+INT121+MTH112+MTH113+PHY112
251000238,ACCT201+CSCE101B+MATH201B
251000241,ARC111+ARC161+ECE151+HUM103+MTH113
251000242,ECE151+MEC112+MTH112+MTH113+PHY112
251000244,ECE121+ECE151+INT121+MTH112+MTH113+PHY112
251000245,ACCT201+ECON201+MATH201B
251000247,APBI101+BIO102+CHM102+MATH102
251000248,ECE121+ECE151+INT121+MTH112+MTH113+PHY112
251000251,ECE121+ECE151+MEC111+MTH111+MTH113+PHY112
251000252,ECE121+ECE151+INT121+MTH112+MTH113+PHY112
251000254,ACCT201+ECON201+MATH201B
251000256,ECE151+MEC111+PHY111+PHY112
251000260,ACCT201+MATH201B+MGMT201+MOIT301
251000261,ARC111+ARC161+HUM103
251000262,ECE151+INT121+MATH100+MTH113
251000264,ACCT201+ECON201+MATH201B+MOIT301
251000265,CSCE101B+MATH110B
251000268,ACCT201+ECON201+MATH201B
251000278,ECE121+ECE151+ECE471+MTH112+MTH113
251000279,ARC111+ARC161+ECE151+HUM103+MTH113
251000283,CSC102/CSCI102+HUMA111+MATH121
251000284,ACCT201+ECON201+MATH201B+MOIT301
251000285,ARC111+ARC161+ECE151+HUM103+MTH113
251000286,ARC111+ARC161+HUM103
251000287,ARC111+ARC161+ECE151+HUM103+MTH113
251000289,CSC103+ECEN111+HUMA111+MATH113/MATH211+MATH122
251000290,ECE121+ECE151+INT121+MTH112+MTH113+PHY112
251000293,CSC101/CSC111+CSC102/CSCI102+MATH102
251000294,CSC103+ECEN111+MATH113/MATH211+MATH122
251000295,ARC111+ARC161+HUM103+INT121
251000297,APBI101+APBI102+BIO102+CHM102+MATH102+PHY102
251000298,ECE151+MEC112+MTH112+MTH113+PHY112
251000299,CSC103+ECEN111+HUMA111+MATH113/MATH211+MATH122
251000301,ACCT201+ECON201+MATH201B
251000304,ECE121+ECE151+INT121+MTH112+MTH113+PHY112
251000306,HUMA111+INT121+MTH112+MTH113+PHY111/PHYS002
251000307,ECE121+ECE151+MTH112+MTH113+PHY112
251000309,APBI101+BIO102+CHM102+MATH102
251000310,APBI101+APBI102+BIO102+CHM102+MATH102+PHY102
251000312,ACCT201+ECON201+MATH201B
251000313,ECE151+MEC112+MTH112+MTH113+PHY112
251000314,ARC111+ARC161+INT121+MATH100
251000317,ECE121+ECE151+MEC111+MTH111+MTH113+PHY112
251000321,ACCT201+ECON201+MATH201B+MOIT301
251000324,ECE151+MTH112+MTH113+PHY112
251000327,ECE121+ECE151+INT121+MTH112+MTH113+PHY112
251000328,CHM111+CVL211+ECE151+MTH112+MTH113
251000329,ECE121+ECE151+HUMA111+MTH112+MTH113+PHY112
251000335,ECE121+ECE151+MEC111+MTH111+MTH113+PHY111/PHYS002
251000337,BMD101+BMD102+CSC103
251000338,ACCT201+CSCE101B+MATH201B+MGMT201
251000341,CSC103+ECEN111+HUMA111+MATH113/MATH211+MATH122
251000342,CSC102/CSCI102+MATH100+PHYS101C
251000343,ARC111+ARC161+HUM103
251000344,CSC103+HUMA111+MATH113/MATH211+MATH121+PHYS101C
251000345,CSC103+HUMA111+MATH113/MATH211+MATH121+PHYS101C
251000348,ECE121+ECE151+INT121+MTH112+MTH113+PHY112
251000353,CSCE101B+MATH110B+MGMT201
251000354,ACCT201+ECON201+MATH201B
251000371,ECE121+ECE151+MTH111+PHY112
251000372,ARC111+ARC161+HUM103
251000378,CSC103+HUMA111+MATH113/MATH211+MATH121+PHYS101C
251000379,INT121+MEC111+MTH111+PHY112
251000382,ARC111+ARC161+ECE151+HUM103+MTH113
251000383,ARC111+ARC161+ECE151+HUM103+MTH113
251000385,ACCT201+ECON201+MATH201B
251000387,CSC103+ECEN111+MATH113/MATH211+MATH122
251000388,ACCT201+ECON201+MATH201B+MOIT301
251000389,ACCT201+ECON201+MATH201B
251000390,ECE151+MEC112+MTH112+MTH113+PHY112
251000391,CSC103+HUMA111+MATH113/MATH211+MATH121+PHYS101C
251000393,INT121+MTH113+PHY111
251000394,ARC111+ARC161+HUM103
251000395,ECE121+ECE151+MEC111+MTH111+MTH113+PHY112
251000401,ECE121+ECE151+INT121+MTH112+MTH113+PHY112
251000402,ACCT201+CSCE101B+ECON201+MATH201B
251000403,ECE121+ECE151+INT121+MTH112+MTH113+PHY112
251000405,ACCT201+ECON201+MATH201B+MOIT301
251000406,ECE151+MEC112+MTH112+MTH113+PHY112
251000408,ACCT201+ECON201+MATH201B+MOIT301
251000411,CSC101/CSC111+CSC102/CSCI102+MATH121+PHYS101C
251000415,ARC111+ARC161+ECE151+HUM103+MTH113
251000420,ECE121+ECE151+INT121+MTH112
251000422,ACCT201+ECON201+MATH201B
251000423,ACCT201+ECON201+MATH201B
251000424,CSC103+HUMA111+MATH121+PHYS101C
251000427,ARC111+ARC161+HUM103
251000429,ECE121+ECE151+MTH113+PHY112
251000432,ACCT201+CSCE101B+ECON201+MATH201B
251000433,CSC103+ECEN111+HUMA111+MATH113/MATH211+MATH122
251000434,ARC111+ARC161+ECE151+HUM103+MEC111
251000435,CSC101/CSC111+ECE121+INT111+MATH100
251000438,CSCE101B+MATH110B
251000447,CSC103+ECEN111+MATH122
251000448,CSC103+HUMA111+MATH113/MATH211+MATH121+PHYS101C
251000449,ACCT201+ECON201+MATH201B
251000452,CSC103+HUMA111+MATH113/MATH211+MATH121+PHYS101C
251000455,ECE121+ECE151+INT121+MTH112+MTH113+PHY112
251000456,ECE121+ECE151+PHY112
251000458,ECE121+ECE151+INT121+MTH113+PHY112
251000463,CSC102/CSCI102+MATH121+PHYS101C
251000464,APBI101+APBI102+BIO102+CHM102+MATH102
251000465,ACCT201+ECON201+MATH201B
251000466,CSC103+MATH113/MATH211+MATH121+PHYS101C
251000467,ECE121+ECE151+MATH100+PHY112
251000468,ECE121+ECE151+INT121+MTH112+MTH113+PHY112
251000471,ECE121+ECE151+MEC111+MTH111+MTH113+PHY112
251000472,ACCT201+ECON201+MATH201B+MOIT301
251000473,CSC103+ECEN111+HUMA203+MATH113/MATH211+MATH122
251000474,ACCT201+ECON201+MATH201B+MOIT301
251000479,ECE121+ECE151+MEC111+MTH111+MTH113+PHY112
251000481,ECE121+ECE151+ECE213+ECE233+MTH113+MTH216
251000484,ACCT201+CSCE101B+ECON201+MATH201B
251000486,ECE151+MEC111+MTH112+MTH113+PHY112
251000492,CSC103+ECEN111+HUMA111+MATH113/MATH211+MATH122
251000494,CSC103+HUMA111+MATH113/MATH211+MATH121+PHYS101C
251000495,ECE121+ECE151+MEC111+PHY111
251000496,CSC103+ECEN111+HUMA111+MATH113/MATH211+MATH122
251000499,ECE151+MEC111+MTH113
251000501,CSC103+HUMA111+MATH113/MATH211+MATH121+PHYS101C
251000502,APBI101+BIO102+CHM102+PHY102
251000503,CSC103+ECEN111+HUMA111+MATH113/MATH211+MATH122
251000507,ECE121+ECE151+INT121+MTH112+MTH113+PHY112
251000510,ARC111+ARC161+HUM103
251000512,CSC101/CSC111+CSC102/CSCI102+MATH100
251000513,CSC103+ECEN111+HUMA111+MATH113/MATH211+MATH122
251000515,ACCT201+MATH201B+MGMT201+MOIT301
251000519,ACCT201+ECON201+MATH201B
251000520,CSC103+ECEN111+HUMA111+MATH113/MATH211+MATH122
251000521,ACCT201+ECON201+MATH201B
251000522,ARC111+ARC161+HUM103+INT121
251000524,CSC103+ECEN111+MATH121
251000525,ECE151+MEC111+MTH113+PHY112
251000526,CSC103+HUMA111+MATH113/MATH211+MATH121+PHYS101C
251000527,MATH110B+MGMT201
251000528,ARC111+ARC161+ECE151+HUM103+MTH113
251000531,CSC103+ECEN111+HUMA111+MATH113/MATH211+MATH122
251000534,CHM111+ECE151+MEC111+MTH111+MTH113+PHY111/PHYS002
251000539,APBI101+APBI102+BIO102+CHM102+MATH102+PHY102
251000540,ECE121+ECE151+INT121+MEC111+MTH111+PHY112
251000541,ECE121+ECE151+MTH112+MTH113+PHY112
251000545,ECE121+ECE151+MTH112+PHY112
251000546,ACCT201+ECON201+MATH201B
251000547,CSC103+ECEN111+HUMA111+MATH113/MATH211+MATH122
251000552,ECE151+HUMA111+MEC112+MTH113
251000553,ECE121+ECE151+PHY112
251000560,ECE151+MEC112+MTH112+MTH113+PHY112
251000561,CSC103+HUMA111+MATH113/MATH211+MATH121+PHYS101C
251000563,ARC111+ARC161+HUM103+INT121
251000564,ACCT201+ECON201+MATH201B
251000571,ECE121+ECE151+INT121+MTH112+MTH113+PHY112
251000574,ACCT201+ECON201+MATH201B+MGMT303
251000576,MEC112+MTH113+PHY112
251000578,ECE121+INT121+MTH113+PHY112
251000579,CSC103+HUMA111+MATH100
251000580,ECE121+ECE151+INT121+MATH100+MTH113
251000584,ECE121+ECE151+INT121+MTH112+MTH113+PHY112
251000585,CSC102/CSCI102+MATH121+PHYS101C
251000586,BIO102+CHM102+MATH102
251000587,ACCT201+ECON201+MATH201B
251000588,ARC111+ARC161+ECE151+HUM103+MTH113
251000595,CSC103+ECEN111+MATH113/MATH211+MATH122
251000599,CHM111+ECE151+MTH112+PHY111/PHYS002
251000600,CSC103+ECEN111+HUMA203+MATH113/MATH211+MATH122
251000602,CSC103+HUMA111+MATH100
251000604,CSC102/CSCI102+MATH121+PHYS101C
251000613,ECE121+ECE151+MTH112+MTH113+PHY112
251000615,CSC103+MATH121+PHYS101C
251000616,ARC111+ARC161+ECE151+HUM103+MEC111
251000617,ACCT201+ECON201+MATH201B+MOIT301
251000622,ECE121+ECE151+INT121+MTH112+MTH113+PHY112
251000623,ARC111+ARC161+ECE151+HUM103+MTH113
251000624,ACCT201+ECON201+MATH201B+MOIT301
251000628,ACCT201+ECON201+MATH201B
251000629,ARC111+ARC161+ECE151+HUM103+MTH113
251000630,CSC103+ECEN111+HUMA111+MATH113/MATH211+MATH122
251000631,ECE151+MEC111+MTH113+PHY111
251000633,ACCT201+ECON201+MATH201B+MOIT301
251000634,ACCT201+CSCE101B+ECON201+MATH201B
251000638,ECE151+MEC111+MTH112+MTH113
251000639,ECE151+INT121+MEC111
251000640,INT121+MEC112+MTH112+PHY112
251000642,ECE121+ECE151+MTH111+PHY112
251000643,ECE121+ECE151+INT121+MTH112+MTH113+PHY112
251000644,APBI101+APBI102+BIO102+CHM102
251000645,ACCT201+ECON201+MATH201B
251000648,ACCT201+ECON201+MATH201B+MGMT303
251000650,ECE121+ECE151+HUMA111+MTH112+MTH113+PHY112
251000653,ECE121+ECE151+INT121+MTH111+MTH113+PHY112
251000654,ECE121+ECE151+INT121+PHY112
251000659,ECE121+ECE151+INT121+MTH112+MTH113+PHY112
251000661,ECE151+MEC111+MTH111+MTH113+PHY111/PHYS002+PHY112
251000663,ECE121+ECE151+MTH112+MTH113+MTH214+PHY112
251000665,CSC103+ECEN111+MATH122
251000670,ACCT201+MATH201B+MGMT201
251000671,CSC103+HUMA111+MATH113/MATH211+MATH121+PHYS101C
251000682,ECE151+MEC111+MTH112+MTH113
251000690,ACCT201+ECON201+MATH201B+MOIT301
251000693,ACCT201+ECON201+MATH201B
251000700,ECE121+ECE151+INT121+MTH112+MTH113+PHY112
251000701,ECE151+MEC111+PHY112
251000703,ECE121+ECE151+INT121+MTH112+MTH113+PHY112
251000707,ECE121+ECE151+MEC111+MTH113+PHY112
251000715,CSC103+ECEN111+HUMA111+MATH121
251000719,ECE151+INT121+MEC112+MTH112+MTH113+PHY112
251000723,CSC102/CSCI102+MATH100+PHYS101C
251000726,ARC111+ECE151+HUM103+MTH113
251000736,ECE121+ECE151+INT121+MTH112+MTH113+PHY112
251000740,ACCT201+ECON201+MATH201B
251000747,ECE121+ECE151+MTH112+MTH113+MTH214+PHY112
251000748,ACCT201+ECON201+MATH201B
251000749,CSC103+HUMA111+MATH113/MATH211+MATH121+PHYS101C
251000754,ECE121+ECE151+INT121+MTH112+MTH113+PHY112
251000755,CSC103+HUMA111+MATH113/MATH211+MATH121+PHYS101C
251000756,CSC102/CSCI102+CSCI208+CSCI212/CSCI221+ECEN101C+MATH113/MATH211+MATH201
251000758,ECE151+MEC112+MTH112+MTH113+PHY112
251000761,CSC103+ECEN111+HUMA111+MATH113/MATH211+MATH122
251000765,ECE121+ECE151+INT121+MTH112+MTH113+PHY112
251000768,ECE121+ECE151+MTH111+MTH113+PHY111
251000769,CSC103+ECEN111+HUMA111+MATH113/MATH211+MATH122
251000770,ECE121+ECE151+MEC111+MTH113+PHY111
251000776,CSCE101B+MATH110B+MGMT201
251000777,ACCT201+ECON201+MATH201B+MOIT301
251000778,CSC101/CSC111+INT121+MATH100
251000779,ARC111+ARC161+ECE151+HUM103+MTH113
251000783,CSC101/CSC111+CSC102/CSCI102+MATH100
251000785,ACCT201+ECON201+MATH201B+MGMT201
251000790,CSC103+HUMA111+MATH113/MATH211+MATH121+PHYS101C
251000791,ACCT201+CSCE101B+MATH201B
251000792,ECE151+INT121+MEC112+MTH112+MTH113+PHY112
251000794,ACCT201+ECON201+MATH201B+MOIT301
251000795,CSC102/CSCI102+ECEN111+MATH122
251000797,CSC103+MATH121+PHYS101C
251000798,CSC103+HUMA111+MATH113/MATH211+MATH121+PHYS101C
251000799,ECE121+ECE151+MTH111+PHY112
251000803,CSC103+HUMA111+MATH100+PHYS101C
251000805,ACCT201+ECON201+MATH201B
251000810,ECE151+MEC111+MTH113+PHY111
251000813,ECE151+MEC112+MTH112+MTH113+PHY112
251000814,ECE121+ECE151+INT121+MTH112+MTH113+PHY112
251000816,ECE121+ECE151+INT121+MTH112+MTH113+PHY112
251000817,APBI101+BIO102+CHM102+MATH102
251000822,ECE151+MEC111+MTH111+MTH113+PHY111/PHYS002+PHY112
251000824,ECE151+MEC111+MTH113+PHY111
251000827,ACCT201+ECON201+MATH201B
251000828,CSC103+HUMA111+MATH113/MATH211+MATH121+PHYS101C
251000836,ECE121+ECE151+MTH112+MTH113+PHY112
251000839,CSC103+HUMA111+MATH113/MATH211+MATH121+PHYS101C
251000843,CSC101/CSC111+CSC102/CSCI102+MATH121
251000853,ECE121+ECE151+PHY112
251000854,ECE151+MEC112+MTH112+MTH113+PHY112
251000855,ECE121+ECE151+INT121+MTH112+MTH113+PHY112
251000858,ECE121+ECE151+INT121+MTH112+MTH113+PHY112
251000860,ECE121+ECE151+INT121+MTH112+MTH113+PHY112
251000867,ECE151+INT121+MATH100+MTH113
251000868,ECE121+ECE151+MEC111+MTH111+MTH113+PHY112
251000869,ACCT201+ECON201+MATH201B+MGMT201
251000871,ECE121+ECE151+MTH113+PHY112
251000875,CSC103+HUMA111+MATH113/MATH211+MATH121+PHYS101C
251000877,CSC101/CSC111+INT111+PHY111
251000878,ACCT201+ECON201+MATH201B
251000884,CSC103+HUMA111+MATH113/MATH211+MATH121+PHYS101C
251000886,CSC102/CSCI102+MATH121+PHYS101C
251000887,CSC103+ECEN111+MATH122
251000888,CSC103+ECEN111+HUMA111+MATH113/MATH211+MATH122
251000889,CSC103+ECEN111+HUMA203+MATH113/MATH211+MATH122
251000890,ACCT201+ECON201+MATH201B
251000891,CSC103+HUMA111+MATH113/MATH211+MATH121+PHYS101C
251000892,ECE121+ECE151+MEC111+MTH113+PHY111
251000893,ACCT201+MATH201B+MGMT201
251000895,CSC101/CSC111+INT121+MEC111+PHY111
251000902,ACCT201+ECON201+MATH201B+MOIT301
251000904,CSC103+MATH121+PHYS101C
251000905,CSC103+HUMA111+MATH113/MATH211+MATH121+PHYS101C
251000908,CSCE101B+MATH110B+NSCI103
251000909,ACCT201+ECON201+MATH201B
251000912,ECE121+ECE151+INT121+MTH112+MTH113+PHY112
251000913,ACCT201+ECON201+MATH201B+MOIT301
251000918,APBI101+APBI102+BIO102+CHM102+MATH102+PHY102
251000920,CSC103+HUMA111+MATH113/MATH211+MATH121+PHYS101C
251000924,ECE121+ECE151+MATH100+MTH113
251000931,CSC103+HUMA111+MATH113/MATH211+MATH121+PHYS101C
251000932,ECE121+ECE151+INT121+MTH112+MTH113+PHY112
251000933,ECE151+INT121+MEC112+MTH112+MTH113+PHY112
251000934,ARC111+ARC161+ECE151+HUM103+MTH113
251000936,ECE121+ECE151+INT121+MTH112+MTH113+PHY112
251000939,APBI101+APBI102+BIO102+CHM102+MATH102+PHY102
251000940,CSC101/CSC111+ECE151+MTH113+PHY112
251000941,MEC111+MTH111+MTH113+PHY112
251000943,ECE121+ECE151+INT121+MTH112+MTH113+PHY112
251000946,ECE121+ECE151+INT121+MTH112+MTH113+PHY112
251000956,CSC103+ECEN111+MATH113/MATH211+MATH122
251000964,ECE151+MEC112+MTH112+MTH113+PHY112
251000968,ECE151+MEC112+MTH112+MTH113+PHY112
251000969,CSC103+MATH121+PHYS101C
251000970,APBI101+APBI102+BIO102+CHM102+MATH102+PHY102
251000975,CSC103+ECEN111+HUMA111+MATH113/MATH211+MATH122
251000987,ECE151+MEC111+PHY112
251000990,CSC103+MATH122+PHYS101C
251000991,CSC103+MATH100+SSCI102
251000993,ECE121+ECE151+INT121+MTH112+MTH113+PHY112
251000994,ECE151+MEC112+MTH112+MTH113+PHY112
251000995,ECE121+ECE151+INT121+MTH112+MTH113+PHY112
251000999,ECE121+ECE151+MATH100
251001007,ECE121+ECE151+INT121+MTH112+MTH113+PHY112
251001008,ARC111+ARC161+HUM103+INT121
251001009,APBI101+BIO102+CHM102+MATH102
251001010,ECE121+ECE151+MATH100
251001011,CSC103+ECEN111+HUMA111+MATH113/MATH211+MATH122
251001022,ECE121+ECE151+PHY111
251001023,ECE121+ECE151+INT121+MTH112+MTH113+PHY112
251001025,ECE121+ECE151+PHY112
251001028,ARC111+ARC161+ECE151+HUM103+MTH113
251001029,CSC103+HUMA111+MATH121
251001030,ACCT201+ECON201+MATH201B
251001035,ECE151+MEC112+MTH112+MTH113+PHY112
251001038,CSC103+MATH113/MATH211+MATH121+PHYS101C
251001039,CSC103+ECEN111+HUMA111+MATH113/MATH211+MATH122
251001040,ECE121+ECE151+MTH113+PHY111/PHYS002+PHY112
251001043,ARC111+ARC161+HUM103
251001044,CSC103+HUMA111+MATH121+PHYS101C
251001047,ECE151+MEC111+MTH111+MTH113+MTH214+PHY111/PHYS002
251001049,ACCT201+MATH201B+MGMT201
251001057,ECE151+MEC112+PHY112
251001059,ECE121+ECE151+MTH112+MTH113+PHY112
251001061,CSC103+ECEN111+HUMA111+MATH113/MATH211+MATH122
251001065,ECE121+ECE151+MEC111+PHY111/PHYS002
251001085,CSC103+ECEN111+HUMA111+MATH113/MATH211+MATH122
251001089,ECE151+MEC111+MTH113+PHY112
251001090,ARC111+ARC161+ECE151+HUM103+MTH113
251001091,CSC103+ECEN111+HUMA111+MATH113/MATH211+MATH122
251001095,ARC111+ARC161+ECE151+HUM103+MTH113
251001099,ARC111+ARC161+ECE151+HUM103+MTH113
251001103,ACCT201+ECON201+MATH201B
251001105,CSC103+HUMA111+MATH121+PHYS101C
251001107,ACCT201+ECON201+MATH201B
251001110,CSC103+ECEN111+HUMA111+MATH113/MATH211+MATH122
251001111,ECE151+MEC112+MTH112+MTH113+PHY112
251001112,ECE121+ECE151+INT121+MTH112+MTH113+PHY112
251001113,ACCT201+CSCE101B+MATH201B
251001117,CSC103+HUMA111+MATH113/MATH211+MATH121+PHYS101C
251001118,CHM111+CVL211+CVL231+CVL331+ECE151+MTH113
251001119,ARC111+ARC161+ECE151+HUM103+PHY111/PHYS002
251001120,ECE121+ECE151+INT121+MTH112+MTH113+PHY112
251001122,CSC103+ECEN111+MATH122
251001124,ACCT201+ECON201+MATH201B+MOIT301
251001125,CSC103+HUMA111+MATH113/MATH211+MATH121+PHYS101C
251001126,CSC103+ECEN111+MATH121
251001139,CSC103+HUMA111+MATH113/MATH211+MATH121+PHYS101C
251001142,MATH110B+MGMT201
251001144,CSC103+ECEN111+HUMA111+MATH113/MATH211+MATH122
251001146,ARC111+ARC161+ECE151+HUM103+MTH113
251001148,ECE121+ECE151+INT121+MTH112
251001149,CHM111+CVL211+ECE151+MTH112+MTH113
251001151,CSC103+ECEN111+HUMA111+MATH113/MATH211+MATH122
251001154,ECE121+ECE151+INT121+MTH112+MTH113+PHY112
251001155,ACCT201+ECON201+MATH201B
251001156,CSC103+ECEN111+HUMA111+MATH113/MATH211+MATH122
251001159,ECE121+ECE151+MEC111+MTH113+PHY111
251001166,CSC103+HUMA111+MATH113/MATH211+MATH121+PHYS101C
251001168,ECE151+MEC112+MTH112+MTH113+PHY112
251001171,ECE151+MEC112+MTH112+PHY112
251001179,CSC103+ECEN111+HUMA111+MATH113/MATH211+MATH122
251001180,CSC103+ECEN111+MATH121
251001182,ECE121+ECE151+INT121+MTH112+MTH113+PHY112
251001188,ECE121+ECE151+INT121+MTH112+MTH113+PHY112
251001195,CSC103+HUMA111+MATH113/MATH211+MATH121+PHYS101C
251001196,ECE151+MEC112+MTH112+MTH113+PHY112
251001197,ACCT201+ECON201+MATH201B+MOIT301
251001200,CSC103+MATH113/MATH211+MATH121+PHYS101C
251001201,CSC103+ECEN111+HUMA111+MATH113/MATH211+MATH122
251001208,ACCT201+ECON201+MATH201B+MOIT301
251001215,CSC103+ECEN111+HUMA111+MATH113/MATH211+MATH122
251001221,ACCT201+ECON201+MATH201B+MOIT301
251001226,ECE121+ECE151+INT121+MTH112+MTH113+PHY112
251001228,ARC111+ARC161+ECE151+HUM103+MTH113
251001233,MATH110B+MOIT301
251001246,ECE121+ECE151+INT121+MTH112+MTH113+PHY112
251001247,ECE121+ECE151+INT121+MTH112+MTH113+PHY112
251001250,INT121+MEC111+PHY112
251001251,ECE151+MEC112+MTH112+MTH113+NSCI102+PHY112
251001253,CSC103+ECEN111+HUMA111+MATH113/MATH211+MATH122
251001256,CSC103+HUMA111+MATH113/MATH211+MATH121+PHYS101C
251001260,CHM111+CVL211+MTH112
251001262,CSC103+ECEN111+HUMA111+MATH113/MATH211+MATH122
251001264,APBI101+APBI102+BIO102+CHM102+MATH102+PHY102
251001268,APBI101+BIO102+CHM102+MATH102
251001269,ACCT201+MATH201B+MGMT201+MOIT301
251001272,ECE121+ECE151+INT121+MTH112+MTH113+PHY112
251001278,CSC103+HUMA111+MATH113/MATH211+MATH121+PHYS101C
251001279,CSC103+ECEN111+MATH121
251001280,APBI101+APBI102+BIO102+CHM102+MATH102+PHY102
251001285,ECE121+ECE151+MTH112+MTH113+PHY112
251001288,ECE151+MEC112+MTH112+MTH113+PHY112
251001289,ECE151+INT121+MEC112+MTH112+MTH113+PHY112
251001290,ECE121+ECE151+INT121+MTH112+MTH113+PHY112
251001292,ECE121+ECE151+HUMA111+MTH112+MTH113+PHY112
251001297,CHM111+CVL211+ECE151+MTH112+MTH113
251001300,ECE151+INT121+PHY111/PHYS002
251001313,ECE151+MEC111+MTH112+PHY112
251001319,ECE121+ECE151+MTH112+MTH113+PHY112
251001320,CSC103+ECEN111+MATH122
251001322,APBI101+APBI102+BIO102+CHM102+MATH102+PHY102
251001324,ECE121+ECE151+INT121+MTH112+MTH113+PHY112
251001325,CSC103+ECEN111+HUMA111+MATH113/MATH211+MATH122
251001326,ECE121+ECE151+INT121+MTH112+MTH113+PHY112
251001328,CSC102/CSCI102+MATH121+PHYS101C
251001329,ECE121+ECE151+INT121+MTH112+MTH113+PHY112
251001331,ECE121+ECE151+MTH112+MTH113+PHY112
251001333,ECE121+ECE151+INT121+MTH112+MTH113+PHY112
251001342,ECE121+ECE151+INT121+MTH112+MTH113+PHY112
251001343,CSC103+ECEN111+HUMA111+MATH113/MATH211+MATH122
251001346,ECE121+ECE151+INT121+MTH112+MTH113+PHY112
251001349,ECE151+MEC112+MTH112+MTH113+PHY112
251001350,CSC103+HUMA111+MATH113/MATH211+MATH121+PHYS101C
251001354,CSC103+ECEN111+HUMA111+MATH113/MATH211+MATH122
251001357,CSC103+ECEN111+MATH121
251001361,CSC103+HUMA111+MATH113/MATH211+MATH121+PHYS101C
251001363,CSC103+HUMA111+MATH113/MATH211+MATH121+PHYS101C
251001367,ECE121+ECE151+MTH112+PHY112
251001370,ACCT201+ECON201+MATH201B
251001373,CSC102/CSCI102+MATH121+PHYS101C
251001374,ECE121+ECE151+INT121+MTH112+MTH113+PHY112
251001380,ECE121+ECE151+INT121+MTH112+MTH113+PHY112
251001385,ECE151+MEC112+MTH112+MTH113+PHY112
251001388,CSC101/CSC111+CSC102/CSCI102+MATH121
251001390,ECE121+ECE151+INT121+MTH112+MTH113+PHY112
251001391,CSC103+ECEN111+HUMA111+MATH113/MATH211+MATH122
251001395,CSC103+HUMA111+MATH113/MATH211+MATH121+PHYS101C
251001396,ECE121+ECE151+INT121+MTH112+MTH113+PHY112
251001397,CSC103+ECEN111+HUMA111+MATH113/MATH211+MATH122
251001399,ECE151+MEC112+MTH112+MTH113+PHY112
251001400,ACCT201+ECON201+MATH201B+MGMT303
251001404,APBI101+APBI102+BIO102+CHM102+MATH102+PHY102
251001408,ACCT201+ECON201+MATH201B+MOIT301
251001411,ECE121+ECE151+MTH112+MTH113+PHY112
251001412,ACCT201+ECON201+MATH201B
251001416,CSC103+HUMA111+MATH113/MATH211+PHYS101C
251001423,ECE121+ECE151+INT121+MTH112+MTH113+PHY112
251001424,ECE151+MEC112+MTH112+MTH113+PHY112
251001427,ACCT201+ECON201+MATH201B
251001428,ECE121+ECE151+INT121+MTH112+MTH113+PHY112
251001432,CSC103+HUMA111+MATH113/MATH211+MATH121+PHYS101C
251001435,ACCT201+MATH201B+MGMT201
251001436,ECE121+ECE151+INT121+MTH112+MTH113+PHY112
251001437,ECE121+ECE151+MTH113+PHY112
251001438,CSC103+HUMA111+MATH113/MATH211+MATH121+PHYS101C
251001443,ECE121+ECE151+INT121+MTH112+MTH113+PHY112
251001445,ACCT201+MATH201B+MGMT201
251001449,INT121+MEC111+PHY112
251001450,ECE151+MEC112+MTH112+MTH113+PHY112
251001451,ECE151+MEC112+MTH112+PHY112
251001452,CSC103+ECEN111+HUMA111+MATH113/MATH211+MATH122
251001453,CSC103+ECEN111+MATH113/MATH211+MATH122
251001460,ACCT201+ECON201+MATH201B
251001461,CSC103+HUMA111+MATH113/MATH211+MATH121+PHYS101C
251001463,CSC101/CSC111+CSC102/CSCI102+MATH100
251001465,CSC103+ECEN111+HUMA111+MATH113/MATH211+MATH122
251001474,ECE121+ECE151+INT121+MEC111+MTH112+PHY112
251001481,CSC103+ECEN111+HUMA111+MATH113/MATH211+MATH122
251001486,ECE121+ECE151+INT121+MTH112+MTH113+PHY112
251001487,CSC103+HUMA111+MATH113/MATH211+MATH121+PHYS101C
251001488,ECE121+ECE151+INT121+MTH112+MTH113+PHY112
251001493,CSC103+HUMA111+MATH113/MATH211+MATH122+PHYS101C
251001495,ECE121+ECE151+INT121+MTH112+MTH113+PHY112
251001497,ACCT201+ECON201+MATH201B
251001499,ECE121+ECE151+INT121+MTH112+MTH113+PHY112
251001500,ECE121+ECE151+MTH112+MTH113+PHY112
251001501,ACCT201+ECON201+MATH201B+MOIT301
251001505,CSC103+HUMA111+MATH113/MATH211+MATH121+PHYS101C
251001506,ACCT201+ECON201+MATH201B
251001509,BMD102+CSC103+MATH113/MATH211+MATH121+PHYS101C
251001510,MATH201B
251001511,CSC103+ECEN111+MATH113/MATH211+MATH122
251001517,CSC103+ECEN111+MATH121
251001523,ECE151+MEC112+MTH112+MTH113+NSCI102+PHY112
251001525,ECE121+ECE151+INT121+MTH112+MTH113+PHY112
251001532,HUMA111+MATH113/MATH211+MATH121+PHYS101C
251001533,ECE121+ECE151+MTH112+MTH113+PHY112
251001534,ECE121+ECE151+MTH112+MTH113+PHY112
251001537,ECE121+ECE151+MTH112+MTH113+PHY112
251001539,ACCT201+ECON201+MATH201B
251001541,CSC103+HUMA111+MATH113/MATH211+MATH121+PHYS101C
251001542,ECE121+ECE151+INT121+MTH112+MTH113+PHY112
251001544,CSC103+MATH122+PHYS101C
251001547,CSC103+ECEN111+MATH121
251001549,ACCT201+ECON201+MATH201B
251001551,CSC103+ECEN111+HUMA111+MATH113/MATH211+MATH122
251001553,APBI101+APBI102+BIO102+CHM102+MATH102+PHY102
251001556,CSC103+MATH100+PHYS101C
251001558,ECE121+ECE151+INT121+MTH112+MTH113+PHY112
251001559,ECE121+ECE151+INT121+MTH112+MTH113+PHY112
251001560,ACCT201+ECON201+MATH201B+MGMT303
251001564,ECE151+MEC112+MTH112+MTH113+PHY112
251001565,CSC103+ECEN111+MATH113/MATH211+MATH122
251001566,ECE121+ECE151+INT121+MTH112+MTH113+PHY112
251001567,CSC103+ECEN111+HUMA111+MATH113/MATH211+MATH122
251001569,CSC103+HUMA111+MATH113/MATH211+MATH121+PHYS101C
251001577,ECE121+ECE151+INT121+MTH112+MTH113+PHY112
251001578,CSC103+MATH121+PHYS101C
251001579,BMD102+CSC103+MATH113/MATH211+MATH121+PHYS101C
251001580,BMD102+CSC103+MATH113/MATH211+MATH121+PHYS101C
251001581,ARC111+HUM103+INT121+MTH113
251001582,ECE121+ECE151+INT121+MTH112+MTH113+PHY112
251001583,ECE121+ECE151+INT121+MTH112+MTH113+PHY112
251001584,BMD102+CSC103+MATH113/MATH211+MATH121+PHYS101C
251001586,ECE121+ECE151+INT121+MTH112+MTH113+PHY112
251001589,ACCT201+ECON201+MATH201B
251001590,CSC103+HUMA111+MATH113/MATH211+MATH121+PHYS101C
251001591,ECE121+ECE151+INT121+MTH112+MTH113+PHY112
251001592,ECE151+MEC112+MTH112+MTH113+PHY112
251001593,ECE121+ECE151+INT121+MTH112+MTH113+PHY112
251001596,ACCT201+ECON201+MATH201B
251001598,ECE151+MEC112+MTH112+MTH113+PHY112
251001602,CVL211+ECE151+MTH112+MTH113
251001607,CSC103+ECEN111+HUMA111+MATH113/MATH211+MATH122
251001608,APBI101+APBI102+BIO102+CHM102+MATH102+PHY102
251001609,ACCT201+MATH201B+MGMT201
251001611,ECE121+ECE151+MTH112+PHY112
251001612,ECE121+ECE151+INT121+MTH112+MTH113+PHY112
251001613,CSC103+HUMA111+MATH113/MATH211+MATH121+PHYS101C
251001621,CSC103+ECEN111+MATH113/MATH211+MATH122
251001622,ECE121+ECE151+PHY112
251001625,CSC103+ECEN111+HUMA111+MATH113/MATH211+MATH122
251001634,CSC102/CSCI102+MATH121+PHYS101C
251001639,ACCT201+ECON201+MATH201B
251001650,ECE151+MEC112+MTH112+MTH113+PHY112
251001651,CSC103+ECEN111+HUMA111+MATH113/MATH211+MATH122
251001653,ACCT201+ECON201+MATH201B
251001658,ARC111+ARC161+ECE151+HUM103+MTH113
251001660,ECE121+ECE151+MTH113+PHY112
251001661,ECE151+INT121+MEC112+MTH112+MTH113+PHY112
251001664,ECE121+ECE151+INT121+MTH112+MTH113+PHY112
251001670,BMD102+CSC103+MATH113/MATH211+MATH121+PHYS101C
251001671,CSC103+MATH121+PHYS101C
251001672,ECE151+MEC111+MTH112+PHY112
251001674,ARC111+ARC161+ECE151+HUM103+MTH113
251001677,CSC103+ECEN111+HUMA111+MATH113/MATH211+MATH122
251001679,MEC111+PHY111
251001680,CSC101/CSC111+CSC102/CSCI102+MATH121
251001682,CSC101/CSC111+MATH100+MTH113
251001683,ECE121+ECE151+INT121+MTH112+MTH113+PHY112
251001685,ARC111+ARC161+ECE151+HUM103+MTH113
251001690,CSC103+ECEN111+HUMA111+MATH113/MATH211+MATH122
251001691,INT121+MEC112+PHY111
251001697,ECE151+MEC112+MTH112+MTH113+PHY112
251001698,CSC103+MATH121+PHYS101C
251001709,MATH110B+MGMT201
251001719,CSC103+ECEN111+HUMA111+MATH113/MATH211+MATH122
251001721,CSC101/CSC111+CSC102/CSCI102+MATH100+SSCI102
251001737,ECE121+ECE151+INT121+MTH112+MTH113+PHY112
251001741,ECE121+ECE151+INT121+MTH112+MTH113+PHY112
251001742,ECE121+ECE151+INT121+MTH112+MTH113+PHY112
251001743,CSC101/CSC111+CSC102/CSCI102+MATH100
251001744,ECE151+MEC112+MTH112+MTH113+PHY112
251001745,ACCT201+ECON201+MATH201B
251001747,ACCT201+MATH201B
251001752,CSCE101B+MATH110B+MGMT201
251001753,CSC102/CSCI102+MATH121+PHYS101C
251001755,ECE121+ECE151+INT121+MTH112+PHY112
251001756,CSC103+HUMA111+MATH113/MATH211+MATH121+PHYS101C
251001762,ECE151+MNG232+MNG271+MTH215
251001763,ECE151+MEC112+MTH112+PHY112
251001764,ECE151+MEC112+MTH112+MTH113+PHY112
251001765,INT121+MEC111+PHY111/PHYS002
251001767,CSC101/CSC111+INT111+PHY111
251001768,ECE121+INT121+MTH112+PHY112
251001773,ECE121+ECE151+INT121+MTH112+MTH113+PHY112
251001774,ECE151+MEC111+MTH112+MTH113+PHY112
251001775,CSC103+HUMA111+MATH113/MATH211+MATH122+PHYS101C
251001792,ECE121+ECE151+MTH112+MTH113+PHY112
251001793,ECE151+MEC112+MTH112+MTH113+PHY112
251001795,ACCT201+ECON201+MATH201B
251001798,ECE151+MEC112+MTH112+MTH113+PHY112
251001801,CSC101/CSC111+CSC102/CSCI102+MATH100
251001810,CSCE101B+MATH201B+MGMT201
251001813,ACCT201+ECON201+MATH201B+MGMT201
251001815,CSC103+MATH113/MATH211+MATH121+PHYS101C
251001824,ECON201+MATH201B
251001826,ECE151+MEC112+MTH112+MTH113+PHY112
251001829,CSC103+HUMA111+MATH113/MATH211+MATH121+PHYS101C
251001830,BMD102+CSC103+MATH113/MATH211+MATH121+PHYS101C
251001833,BMD102+CSC103+MATH113/MATH211+MATH121+PHYS101C
251001839,ECE151+MEC111+MTH112+PHY112
251001841,ACCT201+ECON201+MATH201B+MOIT301
251001844,ECE121+ECE151+INT121+MTH112+MTH113+PHY112
251001862,ECE121+ECE151+INT121+MTH112+MTH113+PHY112
251001863,CSC103+HUMA111+MATH113/MATH211+MATH121+PHYS101C
251001864,ECE151+MEC112+MTH112+MTH113+PHY112
251001865,CSC103+MATH121+PHYS101C
251001867,CHM111+CVL231+ECE151+MATH100+MTH113
251001869,ECE121+ECE151+INT121+MTH112+MTH113+PHY112
251001870,ECE121+ECE151+MTH112+PHY111
251001872,APBI101+APBI102+BIO102+CHM102+MATH102+PHY102
251001883,CSC103+HUMA111+MATH113/MATH211+MATH121+PHYS101C
251001886,CSC103+HUMA111+MATH113/MATH211+MATH121+PHYS101C
251001901,ACCT201+ECON201+MATH201B
251001905,BMD102+CSC103+MATH113/MATH211+MATH121+PHYS101C
251001907,CSC103+HUMA111+MATH113/MATH211+MATH121+PHYS101C
251001913,CSC103+HUMA203+MATH100
251001916,CSC102/CSCI102+MATH122+PHYS101C
251001917,CSC103+ECEN111+HUMA111+MATH113/MATH211+MATH122
251001918,CSC103+HUMA111+MATH121+PHYS101C
251001919,ECE121+ECE151+INT121+MTH112+MTH113+PHY112
251001920,ACCT201+ECON201+MATH201B+MGMT201
251001921,ACCT201+ECON201+MATH201B+MOIT301
251001924,CSC103+ECEN111+HUMA111+MATH113/MATH211+MATH122
251001926,ACCT201+ECON201+MATH201B+MOIT301
251001927,MEC111+MTH111+MTH113+PHY112
251001929,CSC101/CSC111+CSC102/CSCI102
251001930,CSC103+HUMA111+MATH122
251001931,CSC103+HUMA111+MATH113/MATH211+MATH121+PHYS101C
251001932,CSC103+HUMA111+MATH113/MATH211+MATH121+PHYS101C
251001934,CSC102/CSCI102+HUMA203+MATH100
251001936,CSC103+HUMA111+MATH113/MATH211+MATH121+PHYS101C
251001938,CSC101/CSC111+CSC103+MATH112I
251001940,CSC103+ECEN111+HUMA111+MATH113/MATH211+MATH122
251001941,ECE151+MEC111+MTH111+MTH113+PHY112
251001942,ECE151+MEC111+MTH112+MTH113+PHY112
251001944,ECE121+ECE151+INT121+MTH112+MTH113+PHY112
251001946,ECE151+MEC111+MTH112+MTH113+PHY111
251001947,CSC103+ECEN111+MATH113/MATH211+MATH122
251001948,CSC103+ECEN111+MATH113/MATH211+MATH122
251001951,ECE121+ECE151+INT121+MTH112+MTH113+PHY112
251001953,CSCE101B+MATH110B+MGMT201
251001955,ACCT201+ECON201+MATH201B
251001958,CSC103+HUMA111+MATH113/MATH211+MATH121+PHYS101C
251001960,ECE121+ECE151+MTH112+PHY112
251001961,CSC103+ECEN111+MATH113/MATH211+MATH122
251001962,ECE151+MEC112+MTH112+PHY112
251001963,CSC101/CSC111+CSC102/CSCI102+MATH121
251001966,ECE121+ECE151+INT121+MTH112+MTH113+PHY112
251001970,CSC101/CSC111+ECE121+PHY112
251001972,CSC103+ECEN111+HUMA111+MATH113/MATH211+MATH122
251001973,ACCT201+ECON201+MATH201B
251001978,ACCT201+ECON201+MATH201B
251001979,ECE121+ECE151+MTH112+MTH113+PHY112
251001981,CSC103+ECEN111+HUMA111+MATH113/MATH211+MATH122
251001984,ECE121+ECE151+MTH112+PHY112
251001987,BMD101+BMD102+CSC103+MATH121+PHYS101C
251001990,CSC103+HUMA111+MATH113/MATH211+MATH121+PHYS101C
251001993,CSC102/CSCI102+MATH121
251001996,CSC101/CSC111+MATH100
251001997,CSC103+ECEN111+MATH121
251001998,ECE121+ECE151+MTH112+MTH113+PHY112
251001999,CVL334+CVL432+CVL451+MTH112
251002004,CHM111+CVL211+ECE151+MTH112+MTH113
251002009,ACCT201+ECON201+MATH201B
251002013,ACCT201+ECON201+MATH201B+MGMT201
251002014,ECE151+MEC112+MTH112+MTH113+PHY112
251002016,CSC103+HUMA111+MATH113/MATH211+MATH121+PHYS101C
251002017,ECE151+MEC112+MTH112+MTH113+PHY112
251002020,ECE121+ECE151+MTH112+MTH113+PHY112
251002028,ACCT201+ECON201+MATH201B+MOIT301
251002030,ECE121+ECE151+MTH112+MTH113+PHY112
251002043,ACCT301+MOIT301+NSCI102+OPMG302
251002044,ACCT201+ECON201+MATH201B
251002047,CSC102/CSCI102+ECEN111+MATH113/MATH211+MATH122
251002048,CSC103+ECEN111+MATH121
251002050,ACCT201+ECON201+MATH201B+MGMT201
251002053,APBI101+APBI102+BIO102+CHM102+MATH102+PHY102
251002059,ACCT201+ECON201+MATH201B
251002066,BMD102+CSC103+MATH113/MATH211+MATH121+PHYS101C
251002068,CSC103+HUMA111+MATH113/MATH211+MATH121+PHYS101C
251002070,ECE151+MEC111+MTH112+PHY111
251002072,CSC103+HUMA111+MATH113/MATH211+MATH121+PHYS101C
251002073,CSC103+HUMA111+MATH100+PHYS101C
251002075,ECE121+ECE151+MTH112+MTH113+PHY112
251002079,ACCT201+ECON201+MATH201B+MOIT301
251002085,CSC103+ECEN111+HUMA111+MATH121
251002086,CSC103+HUMA111+MATH113/MATH211+MATH121+PHYS101C
251002088,CSC103+HUMA111+MATH113/MATH211+MATH121+PHYS101C
251002089,MEC111+MTH112+PHY112
251002105,PHY111
251002111,ECE151+MEC112+MTH112+PHY112
251002112,CSCE101B+MATH110B
251002117,CSC101/CSC111+CSC102/CSCI102
251002118,ECE151+MATH100+MTH113
251002120,CSC103+HUMA111+MATH113/MATH211+MATH121+PHYS101C
251002123,CSC102/CSCI102+ECEN111+MATH122
251002127,ECE151+MEC111+PHY112
251002129,ECE121+ECE151+INT121+MTH112+MTH113+PHY112
251002133,ECE121+ECE151+INT121+MTH112+MTH113+PHY112
251002134,ECE151+MEC112+MTH112+MTH113+PHY112
251002136,ECE151+MEC112+MTH112+MTH113+PHY112
251002139,ECE121+ECE151+INT121+MTH112+MTH113+PHY112
251002144,CSC103+ECEN111+HUMA111+MATH113/MATH211+MATH122
251002145,CSC101/CSC111+CSC102/CSCI102+MATH121
251002146,APBI101+APBI102+BIO102+CHM102+MATH102+PHY102
251002148,CSC103+HUMA111+MATH113/MATH211+MATH121+PHYS101C
251002153,ECE151+MEC112+MTH112+MTH113+NSCI102+PHY112
251002157,ECE151+INT121+MEC112+MTH112+MTH113+PHY112
251002158,CSC103+HUMA111+MATH113/MATH211+MATH121+PHYS101C
251002159,ECE151+INT121+MEC112+MTH112+MTH113+PHY112
251002165,BMD102+CSC102/CSCI102+MATH113/MATH211+MATH121+PHYS101C
251002166,CSC103+HUMA111+MATH113/MATH211+MATH121+PHYS101C
251002173,APBI101+APBI102+BIO102+CHM102+MATH102+PHY102
251002181,MEC111+MTH112+PHY112
251002185,CSC102/CSCI102+ECEN111+MATH121
251002187,ECE151+MEC111+MTH111+PHY112
251002189,ACCT201+ECON201+MATH201B+MOIT301
251002193,ECE151+MEC111+MTH111+MTH113+PHY112
251002194,ECE151+MEC111+MTH111+MTH113+MTH214+PHY111
251002203,ECE121+ECE151+MTH112+MTH113+PHY112
251002204,CSC102/CSCI102+HUMA111+MATH100
251002205,ECE121+ECE151+MEC111+MTH112+MTH113+PHY112
251002206,ECE121+ECE151+INT121+MTH112+MTH113+PHY112
251002214,ECE121+ECE151+MTH112+PHY112
251002217,ECE121+ECE151+MTH112+MTH113+PHY112
251002219,CSC102/CSCI102+MATH121+PHYS101C
251002220,ACCT201+ECON201+MATH201B+MGMT303
251002226,ECE121+ECE151+MTH112+MTH113+PHY112
251002227,CSC103+ECEN111+HUMA111+MATH113/MATH211+MATH122
251002230,ECE121+ECE151+INT121+MTH112+MTH113+PHY112
251002234,ECE151+INT121+MEC112+MTH112+MTH113+PHY112
251002236,CSC103+MATH113/MATH211+MATH121+PHYS101C
251002237,CSC103+ECEN111+HUMA203+MATH113/MATH211+MATH122
251002243,ECE121+ECE151+HUMA111+MTH112+MTH113+PHY112
251002244,APBI101+APBI102+BIO102+CHM102+MATH102+PHY102
251002251,CSC103+ECEN111+MATH121
251002253,CSC103+ECEN111+HUMA111+MATH113/MATH211+MATH122
251002255,INT121+MEC111+MTH111+PHY112
251002258,ECE121+ECE151+INT121+MTH112+MTH113+PHY112
251002265,CSC103+HUMA111+MATH113/MATH211+MATH121+PHYS101C
251002266,ECE121+ECE151+INT121+MTH112+MTH113+PHY112
251002273,CSC103+HUMA111+MATH113/MATH211+MATH121+PHYS101C
251002276,CSCE101B+MATH201B
251002285,ECE121+ECE151+MTH112+MTH113+PHY112
251002287,APBI101+APBI102+BIO102+CHM102+MATH102+PHY102
251002289,ACCT201+ECON201+MATH201B
251002292,CSC103+HUMA111+MATH113/MATH211+MATH121+PHYS101C
251002295,CSC103+HUMA111+MATH113/MATH211+MATH121+PHYS101C
251002296,MATH110B+MGMT201
251002302,CSC101/CSC111+INT121
251002303,CHM111+CVL211+ECE151+MTH112+MTH113
251002304,CSC103+ECEN111+HUMA111+MATH113/MATH211+MATH122
251002305,CSC103+HUMA111+MATH113/MATH211+MATH121+PHYS101C
251002307,ACCT201+ECON201+MATH201B
251002309,CSC103+ECEN111+MATH113/MATH211+MATH122
251002310,ARC111+ARC161+HUM103+INT121
251002311,MEC111+MTH112+PHY112
251002314,CSC103+ECEN111+HUMA111+MATH113/MATH211+MATH122
251002316,CSC103+MATH121+PHYS101C
251002317,CSC103+MATH113/MATH211+MATH121
251002321,CHM111+CVL211+ECE151+MTH112+MTH113
251002325,ECE121+ECE151+INT121+MTH112+MTH113+PHY112
251002331,ECE151+INT121+MTH112+PHY112
251002332,CSC103+ECEN111+MATH113/MATH211+MATH122
251002340,ECE121+ECE151+MTH112+MTH113+PHY112
251002341,CSC101/CSC111+CSC102/CSCI102+MATH121
251002343,ECE121+ECE151+INT121+MTH112+MTH113+PHY112
251002344,ECE121+ECE151+MTH112+MTH113+PHY112
251002346,CSC102/CSCI102+HUMA111+MATH100
251002348,CSC103+HUMA203+MATH100
251002349,CSC103+HUMA111+MATH113/MATH211+MATH121+PHYS101C
251002350,ARC111+ARC161+ECE151+HUM103+MTH113
251002361,CSC101/CSC111+CSC102/CSCI102+MATH100
251002365,ECE151+MEC112+MTH112+MTH113+PHY112
251002366,ECE121+ECE151+INT121+MATH100+MTH113
251002370,CSC103+ECEN111+HUMA111+MATH113/MATH211+MATH122
251002371,BMD102+CSC103+MATH113/MATH211+MATH121+PHYS101C
251002372,ECE121+ECE151+PHY112
251002374,ECE151+INT121+MATH100+MTH113
251002377,ACCT201+ECON201+MATH201B+MGMT303
251002378,ECE151+MEC111+MTH111+PHY111
251002380,ECE121+ECE151+INT121+MTH112+MTH113+PHY112
251002382,INT121+MEC112+PHY111
251002383,CSCE101B+MATH110B
251002386,CSC103+HUMA111+MATH100
251002388,ARC111+ARC161+ECE151+HUM103
251002389,ACCT201+ECON201+MATH201B
251002397,CSCE101B+MATH110B
251002400,CSC103+ECEN111+MATH122
251002405,CSC102/CSCI102+ECEN111+MATH113/MATH211+MATH122
251002406,CSC103+HUMA111
251002407,ECE151+INT121+MEC112+MTH112+MTH113+PHY112
251002417,CSC102/CSCI102+ECEN111+MATH122
251002418,CSC103+HUMA111+MATH113/MATH211+MATH121+PHYS101C
251002420,ECE151+MEC111+MTH113+PHY111
251002421,MATH110B+MGMT201+MOIT301
251002423,CSC102/CSCI102+MATH121+PHYS101C
251002424,ECE121+ECE151+MTH112+MTH113+PHY112
251002425,APBI101+APBI102+BIO102+CHM102+MATH102+PHY102
251002427,ACCT201+ECON201+MATH201B
251002429,CSC103+HUMA111+MATH113/MATH211+MATH121+PHYS101C
251002432,CSC103+MATH122+PHYS101C
251002435,ACCT201+ECON201+MATH201B+MOIT301
251002436,CSC101/CSC111+CSC102/CSCI102+MATH100
251002438,CSC103+MATH121+PHYS101C
251002439,ECE121+ECE151+INT121+MTH112+MTH113+PHY112
251002444,CSC103+HUMA111+MATH113/MATH211+MATH121+PHYS101C
251002447,ECE121+ECE151+MATH100+MTH113
251002451,ARC111+CSC101/CSC111+INT121+MATH100
251002453,ACCT201+ECON201+MATH201B
251002456,ACCT201+ECON201+MATH201B
251002458,ACCT201+ECON201+MATH201B+MOIT301
251002459,INT121+MEC111+MTH112+PHY112
251002462,CSC102/CSCI102+ECEN111+MATH113/MATH211+MATH121
251002464,ACCT201+CSCE101B+MATH201B
251002470,ACCT201+ECON201+MATH201B+MGMT303
251002474,CSC103+ECEN111+MATH121
251002478,ARC111+ARC161+ECE151+HUM103+MTH113
251002479,ECE151+MEC112+PHY112
251002480,CSC103+HUMA111+MATH113/MATH211+MATH121+PHYS101C
251002483,CSC103+HUMA111+MATH113/MATH211+MATH121+PHYS101C
251002484,ECE121+ECE151+MTH112+MTH113+PHY112
251002488,INT121+MEC111+MTH111+PHY111
251002491,CSC103+ECEN111+HUMA111+MATH113/MATH211+MATH122
251002494,CSC101/CSC111+ECE151+INT121+MATH100
251002500,CSC102/CSCI102+HUMA111+MATH121+PHYS101C
251002501,CSC103+HUMA111+MATH113/MATH211+MATH121+PHYS101C
251002502,CSC103+ECEN111+HUMA111+MATH113/MATH211+MATH122
251002503,ECE151+MEC112+MTH112+MTH113+PHY112
251002504,ECE151+MEC112+MTH112+MTH113+PHY112
251002506,ECE151+INT121+MEC111
251002507,CSC101/CSC111+INT111+MEC111+MTH111+PHY111
251002508,CSC101/CSC111+CSC102/CSCI102+MATH121+PHYS101C
251002509,CSC102/CSCI102+HUMA111+MATH121
251002510,CSC103+HUMA203+MATH113/MATH211+MATH121+PHYS101C
251002511,CSC103+HUMA111+MATH113/MATH211+MATH121+PHYS101C
251002513,BMD102+CSC103+MATH113/MATH211+MATH121+PHYS101C
251002514,CSC103+ECEN111+HUMA111+MATH113/MATH211+MATH122
251002515,CSC101/CSC111+CSC102/CSCI102+MATH121
251002518,ACCT201+MATH201B+MGMT201
251002519,CSC103+HUMA203+MATH113/MATH211+MATH121+PHYS101C
251002524,CSC101/CSC111+INT111+INT121+MATH100+MTH113
251002527,CSC103+HUMA111+MATH113/MATH211+MATH121+PHYS101C
251002528,CSC102/CSCI102+MATH100
251002530,CSC103+MATH122+PHYS101C
251002531,ECE121+ECE151+PHY112
251002536,MATH110B+MGMT201
251002539,CSC101/CSC111+CSC102/CSCI102+MATH121
251002540,MEC112+MTH112+MTH113+PHY112
251002542,CSC103+HUMA111+MATH113/MATH211+MATH121+PHYS101C
251002546,CHM111+CVL211+MTH111
251002547,CSC103+HUMA111+MATH113/MATH211+MATH122+PHYS101C
251002548,CSC102/CSCI102+CSC103
251002551,ARC111+ARC161+HUM103
251002552,ECE151+INT121+MTH112+PHY112
251002553,ACCT201+MATH201B+MGMT201
251002554,CSC101/CSC111+INT121+MATH100+MTH113
251002556,ECE121+ECE151+MTH112+MTH113+PHY112
251002566,ECE121+ECE151+INT121+MTH112+MTH113+PHY112
251002570,ECE121+ECE151+HUMA111+MTH112+MTH113+PHY112
251002573,MATH110B+MGMT303
251002580,ECE151+MEC111+MTH111+MTH113+PHY112
251002581,ARC111+ARC161+HUM103
251002582,CSC102/CSCI102+MATH121+PHYS101C
251002585,ECE121+ECE151+INT121+MTH112+MTH113+PHY112
251002587,ECE121+ECE151+INT121+MTH112+MTH113+PHY112
251002588,CSC103+HUMA111+MATH121
251002591,CSC103+HUMA203+MATH113/MATH211+MATH121+PHYS101C
251002593,ECE121+ECE151+MTH112+PHY112
251002599,APBI101+APBI102+BIO102+CHM102+MATH102+PHY102
251002601,ARC111+ARC161+ECE151+HUM103+MTH113
251002603,ECE151+INT121+MEC112+MTH112+MTH113+PHY112
251002608,CSC103+MATH113/MATH211+MATH121+PHYS101C
251002609,ACCT201+CSCE101B+ECON201+MATH201B
251002611,CSC101/CSC111+CSC102/CSCI102+MATH121
251002612,ACCT201+ECON201+MATH201B
251002613,ARC111+ARC161+ECE151+HUM103+MTH113
251002615,ECE151+MEC112+PHY112
251002618,CSC102/CSCI102+HUMA203+MATH121
251002619,ECE121+ECE151+MTH112+MTH113+PHY112
251002621,MEC111+PHY111
251002622,ACCT201+ECON201+MATH201B+MGMT201
251002623,ACCT201+CSCE101B+MATH201B
251002626,APBI102+BIO102+CHM102+MATH102
251002627,CSC103+HUMA111+MATH113/MATH211+MATH122+PHYS101C
251002629,ECE151+MATH100+MTH113+PHY112
251002631,CSCE101B+ECON201
251002637,ECE151+MEC112+MTH112+MTH113+PHY112
251002644,APBI101+APBI102+BIO102+CHM102+MATH102+PHY102
251002649,CSC101/CSC111+INT121+PHY111
251002650,ACCT201+ECON201+MATH201B+MOIT301
251002664,ECE121+ECE151+MTH112+MTH113+PHY112
251002665,ACCT201+ECON201+MATH201B
251002667,ECE121+ECE151+INT121+MTH112+MTH113+PHY112
251002668,CSC101/CSC111+INT111+INT121+MATH100
251002669,APBI101+APBI102+BIO102+CHM102+PHY102
251002675,CSC103+HUMA111+MATH113/MATH211+MATH121+PHYS101C
251002679,MATH201B+MGMT201
251002680,APBI101+BIO102+CHM102+MATH102
251002681,CSCE101B+MATH110B
251002682,ECE151+INT121+MATH100+MTH113
251002689,CSC101/CSC111+CSC102/CSCI102+MATH100
251002698,ARC111+ECE151+HUM103+INT121+MEC111
251002700,ECE151+MTH112+MTH113+PHY112
251002706,CSC103+MATH113/MATH211+MATH121+PHYS101C
251002708,CSC103+MATH121+PHYS101C
251002713,FINC301+MGMT303+NSCI102+NSCI103+OPMG302+OPMG303
251002720,CSC103+MATH121+PHYS101C
251002726,CSC103+MATH121+PHYS101C
251002730,MGMT303+OPMG302
251002731,ACCT201+MATH201B+MGMT201
251002735,ECE151+IND212+MEC112+MTH112
251002737,CSC101/CSC111+CSC102/CSCI102+MATH121+PHYS101C
251002738,CSC103+ECEN111+HUMA111+MATH113/MATH211+MATH122
251002739,CSC103+ECEN111+HUMA111+MATH113/MATH211+MATH122
251002741,ECE121+ECE151+INT121+MTH112+MTH113+PHY112
251002742,ECE151+MEC112+MTH112+MTH113+PHY112
251002744,ACCT201+ECON201+MATH201B
251002745,CSC102/CSCI102+HUMA111+MATH100
251002746,CSC103+MATH121+PHYS101C
251002747,CSC103+HUMA111+MATH113/MATH211+MATH121+PHYS101C
251002750,CSC103+ECEN111+MATH121
251002751,CSCE101B+MATH201B+MGMT201
251002752,CSC101/CSC111+CSC102/CSCI102+MATH100
251002754,BMD101+BMD102+CSC103+MATH113/MATH211+PHYS101C
251002755,ECE151+MEC111+PHY112
251002756,ECE121+ECE151+INT121+MTH112+MTH113+PHY112
251002758,CSC103+MATH121+PHYS101C
251002761,CSC102/CSCI102+MATH121+PHYS101C
251002762,ACCT201+MATH201B+MGMT201
251002763,CSC103+ECEN111+HUMA111+MATH113/MATH211+MATH122
251002765,APBI101+BIO102+CHM102+MATH102
251002770,CSC101/CSC111+CSC102/CSCI102+MATH121
251002772,ECE121+ECE151+INT121+MTH112+MTH113+PHY112
251002775,CSC103+HUMA111+MATH113/MATH211+MATH121+PHYS101C
251002779,ECE121+ECE151+INT121+MTH112+MTH113+PHY112
251002782,ACCT201+ECON201+MATH201B+MGMT303
251002783,APBI101+BIO102+CHM102+MATH102
251002784,ACCT201+MATH201B+MGMT201
251002785,ECE121+ECE151+MTH112+MTH113+PHY112
251002786,ACCT201+ECON201+MATH201B
251002788,APBI102+BIO102+CHM102
251002789,MATH110B+NSCI102
251002790,BMD101+BMD102+CSC101/CSC111+CSC102/CSCI102
251002791,ACCT201+MATH201B+MGMT201+MOIT301
251002795,CSC103+HUMA111+MATH113/MATH211+MATH121+PHYS101C
251002796,ACCT201+ECON201+MATH201B
251002798,CSC103+HUMA111+MATH113/MATH211+MATH121+PHYS101C
251002799,CSC103+ECEN111+MATH122
251002801,CSC101/CSC111+ECE151+INT121+MATH100
251002802,APBI101+BIO102+CHM102
251002803,CSC103+HUMA111+MATH100
251002805,CSC101/CSC111+ECE151+INT121+MATH100
251002807,ACCT201+MATH201B+MGMT201
251002808,ACCT201+ECON201+MATH201B
251002810,CSC101/CSC111+CSC102/CSCI102+MATH100
251002811,ECE151+MEC111+MTH111+PHY111
251002814,ECE151+MEC112+MTH112+MTH113+PHY112
251002816,CSC103+ECEN111+HUMA111+MATH113/MATH211+MATH121
251002817,CSCE101B+MATH110B+MGMT201
251002818,CSC103+HUMA111+MATH113/MATH211+MATH121+PHYS101C
251002824,CSCE101B
251002826,ACCT201+MATH201B+MGMT201
251002827,ACCT201+ECON201+MATH201B+MOIT301
251002829,ECE121+ECE151+INT121+MTH112+MTH113+PHY112
251002830,CSC101/CSC111+CSC102/CSCI102+MATH121+PHYS101C
251002832,CSC101/CSC111+CSC102/CSCI102+MATH100
251002833,CSC103+MATH122+PHYS101C
251002834,ACCT201+ECON201+MATH201B+MOIT301
251002835,CSC101/CSC111+CSC102/CSCI102+MATH121
251002836,MATH110B+MOIT301
251002838,CSC101/CSC111+INT121+MATH100+MTH113
251002840,ACCT201+MATH201B+MGMT201
251002841,ACCT201+ECON201+MATH201B
251002842,CSC103+HUMA111+MATH113/MATH211+MATH121+PHYS101C
251002843,ECE121+MTH111+PHY111
251002845,ACCT201+MATH201B+MGMT201
251002846,CSC103+HUMA111+MATH100+PHYS101C
251002847,CSC102/CSCI102+MATH121+PHYS101C
251002848,ACCT201+ECON201+MATH201B+MOIT301
251002850,CSC101/CSC111+ECE151+INT121+MATH100
251002854,CSC101/CSC111+CSC102/CSCI102+MATH100
251002855,ECE151+MEC112+MTH112+MTH113+PHY112
251002860,CSC103+HUMA111+MATH100
251002864,ARC111+ARC161+ECE151+HUM103+MTH113
251002865,APBI101+BIO102+CHM102+MATH102
251002870,ACCT201+ECON201+MATH201B+MOIT301
251002886,ECE121+ECE151+INT121+MTH112+MTH113+PHY112
251002914,ACCT201+ECON201+MATH201B
251002915,CSC101/CSC111+CSC102/CSCI102+MATH121
251002918,ECE151+INT121+MTH111+PHY112
251002920,CSC103+HUMA111+MATH113/MATH211+MATH121+PHYS101C
251002924,ECE121+ECE151+INT121+MTH112+MTH113+PHY112
251002927,ECE151+MATH100+MTH113
251002928,CSC102/CSCI102+HUMA111+MATH100
251002933,CSC102/CSCI102+HUMA203+MATH100
251002934,CSC103+HUMA111+MATH113/MATH211+MATH121+PHYS101C
251002935,ACCT201+ECON201+MATH201B
251002937,CSC103+HUMA111+MATH113/MATH211+MATH121+PHYS101C
251002947,ECE151+INT121+MEC112+MTH112+MTH113+PHY112
251002948,ACCT201+ECON201+MATH201B
251002949,ACCT201+ECON201+MATH201B
251002959,CSC103+MATH121+PHYS101C
251002970,ECE121+ECE151+MTH112+MTH113+PHY112
251002973,APBI101+BIO102+CHM102+MATH102
251002977,CSC103+ECEN111+MATH113/MATH211+MATH122
251002983,ECE151+MEC111+MTH111+MTH113+PHY111
251002984,CSC103+HUMA111+MATH113/MATH211+MATH121+PHYS101C
251002985,MATH110B+MGMT201
251002986,ACCT201+CSCE101B+MATH201B
251002987,MATH110B+MGMT201
251002988,ACCT201+ECON201+MATH201B
251002993,BMD102+CSC103+MATH113/MATH211+MATH121+PHYS101C
251002994,ARC111+ARC161+ECE151+HUM103+MTH113
251002999,ARC111+ARC161+HUM103
251003004,CSC103+HUMA111+MATH121+PHYS101C
251003005,MATH201B
251003006,ECE121+ECE151+INT121+MTH112+MTH113+PHY112
251003007,ECE151+MEC112+MTH112+MTH113+PHY112
251003008,ECE121+ECE151+INT121+MTH112+MTH113+PHY112
251003009,ECE121+ECE151+INT121+MTH112+MTH113+PHY112
251003010,ECE151+MEC112+MTH112+MTH113+PHY112
251003011,ECE151+MEC112+MTH112+MTH113+PHY112
251003040,CSC101/CSC111+CSC102/CSCI102+MATH100
251003048,CSC101/CSC111+CSC102/CSCI102+MATH100
252000001,CSC101/CSC111+INT111+INT121+MEC111+PHY111
252000002,CSC101/CSC111+INT111+INT121+MATH100
252000003,CSC101/CSC111+INT111+INT121+MEC111+PHY111
252000004,INT111+INT121+MEC111+PHY111
252000005,INT111+INT121+MEC111+PHY111
252000006,CSC101/CSC111+INT111+INT121+MATH100
252000007,INT111+INT121+MEC111+PHY111
252000009,CSC101/CSC111+INT111+INT121+MEC111+PHY111
252000010,CSCE101B+ECON201+MATH110B+MGMT201
252000011,CSC101/CSC111+INT121+MATH100
252000012,CSCE101B+ECON201+MATH110B+MGMT201
252000018,CSC101/CSC111+CSC102/CSCI102+MATH121+PHYS101C
252000019,CSC101/CSC111+CSC102/CSCI102+MATH100
252000025,CSCE101B+ECON201+MGMT201
252000026,CSC101/CSC111+INT111+INT121+MEC111+PHY111
252000029,CSC101/CSC111+CSC102/CSCI102+MATH121+PHYS101C
252000030,INT111+INT121+MEC111+PHY111
252000033,INT111+INT121+MEC111+PHY111
252000042,ARC111+ARC161+ECE151+HUM103+MTH113
252000050,CSC101/CSC111+INT111+INT121+MEC111+PHY111
252000051,BMD101+CSC101/CSC111+CSC102/CSCI102+HUMA111+MATH100
252000062,INT111+INT121+MEC111+PHY111
252000097,APBI101+APBI102+BIO102+CHM102
